" But cart has some errors.",""
" Note: Image size affects the performance of your app.",""
"""Description"" is more than %d characters long",""
"""Title"" is more than %d characters long",""
"""id"" attribute is required for a ""%s"" field.",""
"""line_count"" attribute is required for ""multiline"" element.",""
"""message"" attribute is required for ""%s"" validator rule.",""
"%1$s has been added to your wishlist.",""
"%1$s incl tax.","%1$s συμπ.φόρου."
"%@ is not correct",""
"%s API Key required.",""
"%s Application ID required.",""
"%s Secret Key required.",""
"%s attribute is required.",""
"%s fields is required",""
"%s has been added to your cart.",""
"%s id:",""
"%s was updated in your shopping cart.","%s ανανεώθηκε στο καλάθι αγορών σας."
"(Includes more countries than those listed below. As the application owner, you are responsible for complying with country-specific laws related to the distribution or sale of your application into that country, including your home country.)",""
"* - field is required",""
"*Subject to change",""
"1. Please select type of the action:",""
"10:40 AM",""
"2. Please select a page",""
"2. Type Category Name",""
"2. Type Product Name",""
"80px x 80px",""
"80x80 px",""
"<a href=""%s"" target=""_blank"">Login</a> to Urban Airship.",""
"A Catalog Only App will not support functions such as add to cart, add to wishlist, or login.",""
"A new password has been sent.",""
"About",""
"Access forbidden",""
"Account","Λογαριασμός"
"Account Information","Πληροφορίες Λογαριασμού"
"Account Settings",""
"Account confirmation is required. Please check your email for the confirmation link.",""
"Account information has been saved.",""
"Action","Ενέργεια"
"Action type does\'t recognized",""
"Action type does\'t recognized.",""
"Action type doesn\'t recognized.",""
"Activate","Ενεργοποίηση"
"Activate PayPal Checkout",""
"Activate PayPal MECL",""
"Activation Key",""
"Add","Προσθήκη"
"Add Action",""
"Add Address from Contacts",""
"Add App",""
"Add Custom",""
"Add New Address","Προσθήκη Νέα Διεύθυνσης"
"Add New Template","Εισαγωγή Νέου Προτύπου(Template)"
"Add Page",""
"Add To Wishlist",""
"Add a billing address",""
"Add a shipping address",""
"Add to Cart","Αγορά"
"Add to Wishlist","Πρόσθεση στα Επιθυμητά"
"Adding Product to Cart...",""
"Adding Product to WishList...",""
"Additional Address",""
"Additional Info",""
"Address","Διεύθυνση"
"Address 2",""
"Address Book","Κατάλογος Διευθύνσεων"
"Address Book Updated",""
"Address Info",""
"Address book is empty",""
"Address data not specified.",""
"Address does not belong to this customer.",""
"Address has been deleted.",""
"Address has been saved.",""
"Admin Application Settings",""
"Admin Mobile Application",""
"Admin application has not been enabled",""
"Administrative contact for this app and for app submission issues.",""
"Advanced Settings","Προχωρημένες Ρυθμίσεις"
"After submitting the App to Magento, please contact <a href=""mailto:%1$s"">%1$s</a> to receive the Application Key, Application Secret and Application Master Secret.",""
"AirMail Message Queue",""
"AirMail Messages Queue",""
"AirMail Template Preview",""
"AirMail message",""
"AirMail templates",""
"All Allowed Countries","Όλες οι Επιτρεπτές χώρες"
"All Images",""
"All locations",""
"Amount","Ποσό"
"Amount in %@",""
"Amounts","Ποσά"
"An account with this email address already exists.",""
"An error occurred while adding item to wishlist.","Ένα σφάλμα προέκυψε ενώ προσθέτατε είδος στη λίστα επιθυμητών."
"An error occurred while deleting the address.","Ένα σφάλμα προέκυψε ενώ διαγράφατε τη διεύθυνση."
"An error occurred while loading categories.",""
"An error occurred while loading category filters.",""
"An error occurred while loading configuration.",""
"An error occurred while loading localization.",""
"An error occurred while loading login form.",""
"An error occurred while loading wishlist.",""
"An error occurred while processing your order. Please contact us or try again later.",""
"An error occurred while processing your request.",""
"An error occurred while removing item from wishlist.",""
"An error occurred while removing items from wishlist.",""
"Analytics",""
"Android",""
"Android doesn\'t support AirMail message type.",""
"App Background",""
"App Background (landscape mode)",""
"App Background (landscape mode).",""
"App Background (portrait mode)",""
"App Background (portrait mode).",""
"App Background <br />(landscape mode)",""
"App Background <br />(portrait mode)",""
"App Background image missing.",""
"App Code",""
"App Information",""
"App Name","Όνομα Εφαρμογής"
"App Stores",""
"App Submission History",""
"App Title",""
"App code",""
"App code required.",""
"App does not exist.",""
"App has been deleted.",""
"App has been saved.",""
"App has been submitted.",""
"App model not loaded.",""
"App with specified code does not exist.",""
"Appears in the info section of your app (example: Copyright 2010 – Your Company, Inc.)",""
"Application",""
"Application Key",""
"Application Master Secret",""
"Application Name","Όνομα Εφαρμογής"
"Application Secret",""
"Application doesn\'t exist.",""
"Apply","Εφαρμογή"
"Applying Coupon Code",""
"Applying Gift Card %@",""
"Are you sure you want to cancel a message?",""
"Are you sure you want to cancel selected records?",""
"Are you sure you want to delete a message?",""
"Are you sure you want to delete selected records?",""
"Are you sure you want to delete this theme? This change will affect all applications.",""
"Are you sure you want to do this?","Είστε βέβαιοι πως θέλετε να το κάνετε αυτό;"
"Are you sure you want to remove this item?",""
"Are you sure you whant to cancel a message?",""
"Are you sure you whant to delete a message?",""
"Are you sure you what to cancel selected records?",""
"Are you sure you what to delete selected records?",""
"As Low As","Οι τιμές ξεκινούν από:"
"As Low Excl. Tax",""
"As Low Incl. Tax",""
"As a Magento customer, Urban Airship is offering you unlimited Push Notifications and Rich Push for $100/year* along with a 60 day free trial.",""
"As low as","Οι τιμές ξεκινούν από "
"As low as excl. tax",""
"As low as incl. tax",""
"At last one application has to be created.",""
"At least one option should be selected",""
"Authentication complete.",""
"Authentication to %@ did failed...",""
"Average Order Amount","Μέσο Ποσό Παραγγελίας"
"Average Orders","Μέσο Ποσό Παραγγελιών"
"Average Rating",""
"Back","Πίσω"
"Back to App Edit",""
"Background Color",""
"Balance",""
"Balance Change",""
"Balance History",""
"Banner on Home Screen",""
"Banner on Home Screen (landscape mode)",""
"Banner on Home Screen (landscape mode) image missing.",""
"Banner on Home Screen (portrait mode)",""
"Banner on Home Screen (portrait mode) image missing.",""
"Banner on Home Screen <br />(landscape mode)",""
"Banner on Home Screen <br />(portrait mode)",""
"Banner on Home Screen image missing.",""
"Banners on Home Screen",""
"Best Sellers",""
"Billing","Χρέωση"
"Billing Address","Διεύθυνση Χρέωσης"
"Billing address",""
"Billing address has been set.",""
"Bundle Products",""
"Buy %1$s for %2$s","Αγορά %1$s για %2$s"
"Buy %1$s for %2$s (%3$s incl. tax) each","Αγορά %1$s για %2$s (%3$s συμπ. φόρου) έκαστο"
"Buy %1$s for %2$s each","Αγορά %1$s για %2$s έκαστο"
"Buy %1$s with %2$s discount each","Αγορά %1$s μαζί με %2$s έκπτωση έκαστο"
"Buy More & Save",""
"Buyer country is not allowed by store.",""
"CMS Page","Σελίδα CMS "
"CMS Pages haven\'t been found.",""
"Cache Lifetime (seconds)",""
"Cache Management",""
"Can\'t add item to shopping cart.",""
"Can\'t apply the coupon code.",""
"Can\'t copy file ""%s"" to ""%s"".",""
"Can\'t create wishlist.",""
"Can\'t delete ""%s"" theme.",""
"Can\'t load XML.",""
"Can\'t load admin application settings.",""
"Can\'t load application with id ""%s""",""
"Can\'t load cart info.",""
"Can\'t load cart.",""
"Can\'t load customer form.",""
"Can\'t load default themes.",""
"Can\'t load selected theme. Please check your media folder permissions.",""
"Can\'t load template with id ""%s""",""
"Can\'t open submission form.",""
"Can\'t read file ""%s"".",""
"Can\'t remove the item.",""
"Can\'t reset theme.",""
"Can\'t save address.",""
"Can\'t save the customer.",""
"Can\'t save theme.",""
"Can\'t show configuration.",""
"Can\'t specify product.",""
"Can\'t submit application.",""
"Can\'t update cart.",""
"Can\'t write to file ""%s"".",""
"Cancel","Ακύρωση"
"Canceled","Έχει Ακυρωθεί"
"Canceling PayPal ...",""
"Cancelled","Ακυρώθηκε"
"Cannot apply gift card.",""
"Cannot configure product.","Αδύνατη η διαμόρφωση προϊόντος. "
"Cannot load theme ""%s"".",""
"Cannot redeem Gift Card.",""
"Cannot remove gift card.",""
"Cannot save theme ""%s"". Incorrect data received",""
"Cannot update the item.","Αδύνατη η ανανέωση του είδους."
"Card Verification Number","Αριθμός Επαλήθευσης Κάρτας"
"Card verification number is wrong",""
"Carrier","Μεταφορέας"
"Cart","Καλάθι"
"Cart Updated",""
"Cart has been updated.",""
"Cart has some errors.",""
"Cart is empty.","Το καλάθι είναι άδειο."
"Catalog Only App?",""
"Category","Κατηγορία"
"Category Button Color",""
"Category Item Background Color",""
"Cc:",""
"Chairs",""
"Change Orientation",""
"Change Password","Αλλαγή Κωδικού"
"Changes have been saved to theme.",""
"Check",""
"Check Gift Card",""
"Check Gift Card Promo Redeemed",""
"Checking Gift Card %@",""
"Checkout","Ολοκλήρωση Αγορών"
"Checkout Page Registration",""
"Checkout as Guest","Ολοκλήρωση Αγορών ως Επισκέπτης"
"Checkout as Guest or Register",""
"Checkout has been initialized.",""
"Checkout initialization...",""
"Checkout initialized!",""
"Choose Store View",""
"Choose amount",""
"Choose file",""
"City","Πόλη"
"Clear",""
"Close","Κλείσιμο"
"Color Themes",""
"Colors",""
"Commiting updates...",""
"Company","Εταιρεία"
"Completed",""
"Configuration data have been saved",""
"Configure Cart Item","Διαμόρφωση Είδους στο καλάθι"
"Confirm New Password","Επιβεβαίωση Νέου Κωδικού"
"Confirm Password","Επαλήθευση Κωδικού"
"Connecting",""
"Connection Error\nWe\'re sorry. The app is experiencing connection problems. The app requires a network connection to operate.",""
"Contact Email",""
"Contact Information","Στοιχεία Επικοινωνίας"
"ContactsAreEmpty",""
"Container is not defined.",""
"Content","Περιεχόμενο"
"Continue","Συνέχεια"
"Copyright","Copyright"
"Copyright Page Logo",""
"Copyright Page Logo (iPhone 4 retina)",""
"Copyright Page Logo <br />(iPhone 4 retina)",""
"Copyright: Magento (c) 2010",""
"Countries",""
"Countries Payment Applicable From","Οι Χώρες Πληρωμής Ισχύουν Από"
"Country","Χώρα"
"Country options don\'t recognized for ""%s"".",""
"Coupon code %s is not valid.",""
"Coupon code %s was applied.",""
"Coupon code is empty.",""
"Coupon code was canceled.","Ο κωδικός κουπονιού ακυρώθηκε. "
"Create Account",""
"Create an Account","Δημιουργία ενός Λογαριασμού"
"Creating a Template is allowed only for applications which have device type iPhone.",""
"Credit Card",""
"Credit Card %s",""
"Credit Card Number","Αριθμός Πιστωτικής Κάρτας"
"Credit Card Type","Τύπος Πιστωτικής Κάρτας"
"Credit card number does not match credit card type.","Ο αριθμός πιστωτικής κάρτας δεν ταιριάζει με τον τύπο πιστωτικής κάρτας."
"Cross Sells",""
"Current Balance: %s",""
"Currently, PayPal MEP is not available for the Android application",""
"Current Password","Τρέχων Κωδικός"
"Currently, the system does not support the viewing of the order detail.",""
"Custom App Icon",""
"Custom App Icon (iPhone 4 retina)",""
"Custom App Icon <br />(iPhone 4 retina)",""
"Custom Colors",""
"Custom amount",""
"Customer","Πελάτης"
"Customer Name","Όνομα Πελάτη"
"Customer authentication problem.",""
"Customer balance available in enterprise version of Magento only.",""
"Customer balance is disabled for current store",""
"Customer email not specified.",""
"Customer logout problem.",""
"Customer not logged in.",""
"Customers","Πελάτες"
"DD","DD"
"Date","Ημερομηνία"
"Date Created","Ημερομηνία Δημιουργίας"
"Date Submitted",""
"Date Updated","Ημερομηνία που Ενημερώθηκε"
"Date:",""
"Day","Ημέρα"
"Deeper Messaging and Engagement with Rich Push.",""
"Default Billing Address","Προκαθ. Δ/νση Χρέωσης"
"Default Shipping Address","Προκαθ. Δ/νση Αποστολής"
"Default Theme",""
"Default themes are missed.",""
"Delete","Διαγραφή"
"Delete Action",""
"Delete theme",""
"Deleted",""
"Description","Περιγραφή"
"Description that appears in Android Market. %s chars maximum. ",""
"Description that appears in the iTunes App Store. %s chars maximum. ",""
"Deselect All",""
"Design","Design"
"Device",""
"Device Information",""
"Device Type",""
"Device doesn\'t recognized",""
"Device doesn\'t recognized. Unable to load a template.",""
"Device doesn\'t recognized: ""%s"". Unable to load a helper.",""
"Device doesn\'t recognized: ""%s"". Unable to load preview model.",""
"Device type doesn\'t recognized.",""
"Discount code is empty",""
"Discount:",""
"Done","Ολοκληρώθηκε"
"Downloadable Products Updated",""
"Downloads limit:",""
"E-mail",""
"Edit","Επεξεργασία"
"Edit Action",""
"Edit Address","Επεξεργασία "
"Edit AirMail Message",""
"Edit AirMail Message Queue #%s",""
"Edit App ""%s""",""
"Edit Filter",""
"Edit Image",""
"Edit Mail List",""
"Edit Template ""%s""",""
"Edit filter",""
"Edit note",""
"Either remote URL or application code was not set. Please make sure you filled all the values and try again.",""
"Element with id %s already exists",""
"Email","Email"
"Email Address","Διεύθυνση Email"
"Email address you provided is not valid. Please provide a valid one.",""
"Email is not correct",""
"Email is not specified",""
"Enable Admin Application",""
"Enable AirMail Message Push notification",""
"Enable Facebook",""
"Enable Flurry Analytics",""
"Enable Flurry Analytics for the merchant.",""
"Enable LinkedIn",""
"Enable Standard Checkout",""
"Enable Twitter",""
"Enter Name",""
"Enter discount code first.",""
"Enter discount code if any",""
"Enter e-mail",""
"Enter giftcard promo code here",""
"Enter text",""
"Enter the gift card code",""
"Error",""
"Error.",""
"Error Loading Configuration Format",""
"Error during shortening url",""
"Error message text is missed.",""
"Error while processing file ""%s"".",""
"Error while reading data from Payment Bridge. Please, try again.",""
"Error while reading remote data",""
"Error while uploading file ""%s"".",""
"Error while uploading file ""%s"". Disallowed file type. Only ""jpg"", ""jpeg"", ""gif"", ""png"" are allowed.",""
"Excl. Tax","Μη Συμπ. Φόρος"
"Expiration Date - Month",""
"Expiration Date - Year",""
"Expires: %s",""
"Extend the life of your app with Urban Airship Push Notifications.",""
"Extensions","Επεκτάσεις"
"FILTERS APPLIED",""
"Facebook",""
"Facebook API",""
"Facebook Application ID",""
"Facebook post failed...",""
"Fax","Φαξ"
"File can\'t be uploaded.",""
"File doesn\'t exist ""%s"".",""
"Filter","Φίλτρο"
"Filters",""
"First Name","Όνομα"
"Fixed amounts",""
"Flurry API Code",""
"Flurry Analytics",""
"Flurry Analytics Site",""
"Fonts",""
"Forgot Password","Ξεχασμένος Κωδικός"
"Forgot Password?",""
"Forgot your password?","Ξεχάσατε τον κωδικό σας;"
"Form",""
"Free",""
"From","Από"
"From Excl. Tax",""
"From Incl. Tax",""
"From excl. tax",""
"From incl. tax",""
"Full Description",""
"Funk Leaf",""
"Gallery","Gallery"
"General","Γενικά"
"Generate Offline Catalog",""
"Get Content from CMS Page",""
"Gift Card ""%s"" was added.",""
"Gift Card ""%s"" was redeemed.",""
"Gift Card ""%s"" was removed.",""
"Gift Card (%s)",""
"Gift Card amount applied to order: %s",""
"Gift Card code is empty.",""
"Gift Card: %s",""
"Gift card account available in enterprise version of Magento only.",""
"Giftcard promo code",""
"Grand Total","Τελικό Σύνολο"
"Grand Total (Excl. Tax)","Γενικό Σύνολο (Μη Συμπ. Φόρος)"
"Grand Total (Incl. Tax)","Γενικό Σύνολο (Συμπ. Φόρος)"
"Guest","Επισκέπτης"
"Header Background Color","Χρώμα Φόντου Κεφαλίδας"
"Header Font Color",""
"High Resolution Application Icon",""
"Home","Αρχική Σελίδα"
"Hot Red",""
"How do you rate this product?","Πως βαθμολογείτε αυτό το προϊόν;"
"How to incorporate Urban Airship within your application:",""
"I Agree",""
"I agree to the Terms and Conditions",""
"ID","ID"
"Icon that will appear on the user\'s device after they download your app.",""
"Icon that will appear on the user\'s device after they download your app. Recommended size: 48px x 48px.",""
"Icon that will appear on the user\'s device after they download your app. You do not need to apply a gradient or soft edges (this is done automatically by Apple).",""
"Icon that will appear on the user\'s device after they download your app. You do not need to apply a gradient or soft edges (this is done automatically by Apple). Recommended size: 72px x 72px.",""
"Icon that will appear on the user\'s phone after they download your app.  You do not need to apply a gradient or soft edges (this is done automatically by Apple).",""
"Icon that will appear on the user\'s phone after they download your app. You do not need to apply a gradient or soft edges (this is done automatically by Apple).",""
"Icon that will appear on the user\'s phone after they download your app. You do not need to apply a gradient or soft edges (this is done automatically by Apple). Recommended size: 114px x 114px.",""
"Icon that will appear on the user’s phone after they download your app.  You do not need to apply a gradient or soft edges (this is done automatically by Apple).  Recommended size: 57px x 57px at 72 dpi.",""
"Icons",""
"If leave this field empty, the message will be sent immediately",""
"If you want to disable the cache on the application side, leave the field empty. Warning! When disabling cache, the application will take time to load each page.",""
"Image %s is required.",""
"Image action has been saved.",""
"Image does not exist. Please reload this page.",""
"Image file was not found.","Δεν βρέθηκε το αρχείο εικόνας."
"Image has been deleted.",""
"Image id is required.",""
"Image limits don\'t recognized for ""%s"" image type",""
"Image that appears on first screen while your app is loading.",""
"Image that appears on first screen while your app is loading. Required size: 1024px x 768px.",""
"Image that appears on first screen while your app is loading. Required size: 320px x 455px.",""
"Image that appears on first screen while your app is loading. Required size: 320px x 460px.",""
"Image that appears on first screen while your app is loading. Required size: 640px x 920px.",""
"Image that appears on first screen while your app is loading. Required size: 768px x 1024px.",""
"Image type doesn\'t recognized: ""%s"".",""
"Image type is required.",""
"Images","Εικόνες"
"Images order has been updated.",""
"In Queue",""
"In Stock","Αμεσα Διαθέσιμο"
"In addition, click here to review Urban Airship\'s Terms of Service: <a href=""%s"" target=""_blank"">click here</a>.",""
"In order to resubmit your app, you need to first purchase a <a href=""%s"" target=""_blank"">%s</a> from MagentoCommerce",""
"In order to submit your app, you need to first purchase a <a href=""%s"" target=""_blank"">%s</a> from MagentoCommerce",""
"Inactive Tabs",""
"Incl. Tax","Συμπεριλαμβανόμενος Φόρος"
"Incl. tax",""
"Initialization PayPal ...",""
"Initialization of the PayPal checkout failed!",""
"Invalid XML.",""
"Invalid current password.",""
"Invalid customer data.",""
"Invalid data.","Μη έγκυρα δεδομένα."
"Invalid email address.","Μη έγκυρη διεύθυνση email."
"Invalid item or wishlist.",""
"Invalid login or password.","Μη έγκυρη σύνδεση ή κωδικός."
"Invalid shipping method.","Άκυρη Μέθοδος Αποστολής."
"Issue Number","Αριθμός Έκδοσης (κάρτας)"
"It\'s not allowed to delete submitted application.",""
"Item","Είδος"
"Item Options",""
"Item has been added to cart.",""
"Item has been deleted from cart.",""
"Item has been removed from wishlist.",""
"Items","Είδη"
"Items were updated. But can\'t update wishlist.",""
"Keep your image size below %s KB for optimal performance.",""
"Key","Κλειδί"
"Keywords","Λέξεις Κλειδιά"
"Label","Ετικέτα"
"Landscape app Background",""
"Landscape banners on Home Screen",""
"Large iTunes Icon",""
"Large icon that appears in the iTunes App Store. You do not need to apply a gradient or soft edges (this is done automatically by Apple).",""
"Large icon that appears in the iTunes App Store. You do not need to apply a gradient or soft edges (this is done automatically by Apple). Required size: 512px x 512px.",""
"Last 5 Orders","Τελευταίες 5 Παραγγελίες"
"Last 5 Search Terms","Τελευταίοι 5 Όροι Αναζήτησης"
"Last Name","Επίθετο"
"Last update: %@",""
"Lifetime Sales","Πωλήσεις από αρχή λειτουργίας"
"LindedIn",""
"Link:",""
"LinkedIn",""
"LinkedIn API",""
"LinkedIn API Key",""
"LinkedIn Authorization",""
"LinkedIn Autorization",""
"LinkedIn Secret Key",""
"Linkedin post failed...",""
"List of downloadable products is empty",""
"Load more items",""
"Loader Splash Screen",""
"Loader Splash Screen (iPhone 4 retina)",""
"Loader Splash Screen (landscape mode)",""
"Loader Splash Screen (portrait mode)",""
"Loader Splash Screen <br />(iPhone 4 retina)",""
"Loader Splash Screen <br />(landscape mode)",""
"Loader Splash Screen <br />(portrait mode)",""
"Loading %@...",""
"Loading Account Form...",""
"Loading Address Book...",""
"Loading Address Form...",""
"Loading CMS page ...",""
"Loading Cart...",""
"Loading Gallery...",""
"Loading Login Form...",""
"Loading My Downloadable Products...","Φόρτωση των Αποθηκευμένων Προϊόντων Μου..."
"Loading Order Details",""
"Loading Orders List...",""
"Loading Preview...",""
"Loading Product Options...",""
"Loading Products...",""
"Loading Registration Form...",""
"Loading Restore Password Form...",""
"Loading Store Credit...",""
"Loading WishList...",""
"Loading Write Review Form...",""
"Loading category ...",""
"Loading more items...",""
"Loading product ...",""
"Loading shipping methods ...",""
"Loading...","Φόρτωση..."
"Locations",""
"Log In","Σύνδεση"
"Log Out","Αποσύνδεση"
"Log in to Admin Panel","Σύνδεση στο Σύστημα Διαχείρισης"
"Log into Account",""
"Log into your account",""
"Log out Account",""
"LogInMessageTitle",""
"Login and password are required.","Σύνδεση και κωδικός είναι υποχρεωτικά."
"Logo in Header",""
"Logo in Header image missing.",""
"Logout complete.",""
"M.I.",""
"MEP is PayPal\'s native checkout experience for the iPhone. You can choose to use MEP alongside standard checkout, or use it as your only checkout method for Magento mobile. PayPal MEP requires a <a href=""%s"">PayPal business account</a>",""
"MM","ΜΜ"
"Mailbox title",""
"Main Tabs",""
"Make Inactive",""
"Make this app available in the following territories",""
"Manage Apps",""
"Manage Mobile App",""
"Maximum length is 140",""
"Maximum length is 255",""
"Maximum size: %s KB.",""
"Maximum: %.2f",""
"Merchant Label",""
"Merge",""
"Message","Μήνυμα"
"Message Queue",""
"Message Settings",""
"Message Templates",""
"Message Title",""
"Message Type",""
"Message can be edited when status of the message is ""In Queue"" only.",""
"Message content",""
"Message text is missed.",""
"Message title",""
"Message too long, please use 140 symbols",""
"Message type doesn\'t recognized",""
"Minimize",""
"Minimum %@, maximum %@",""
"Minimum: %.2f",""
"Mobile",""
"Mobile Express Checkout has been canceled.",""
"Mobile Express Checkout processed successfully.",""
"Month","Μήνα"
"More",""
"More Info",""
"More Tabs",""
"Most Viewed Products","Προϊόντα με τις Περισσότερες Εμφανίσεις"
"My Account","Ο Λογαριασμός μου"
"My Downloadable Products","Τα Αποθηκευμένα Προϊόντα Μου"
"My Orders","Οι Παραγγελιες μου"
"My Wishlist","Τα Επιθυμητά μου"
"Name","Όνομα"
"Name on Card","Όνομα στη κάρτα"
"Name that appears beneath your app when users install it to their device. We recommend choosing a name that is 10-12 characters and that your customers will recognize. %s chars max.",""
"New AirMail Message",""
"New AirMail Message Queue",""
"New App",""
"New Customers","Νέοι Πελάτες"
"New Password","Νέος Κωδικός"
"New Template","Νέο Πρότυπο(Template)"
"New to Our Store?",""
"Nickname","Ψευδώνυμο"
"No","Όχι"
"No Payment Information Required",""
"No Ratings",""
"No internet connection. Retry later ...",""
"No items were specifed to update.",""
"No items were updated.",""
"No product selected.",""
"No products found. Please retry with other term",""
"No shipping method required.",""
"No such file ""%s"".",""
"Not Submitted",""
"Note: Image size affects the performance of your app.",""
"Notice",""
"Number of Orders","Αριθμός Παραγγελιών"
"Number of Uses","Αριθμός χρήσεων"
"OK","Εντάξει"
"OR, Pay with Standard Checkout",""
"Offline Catalog",""
"Offline cart stored on server",""
"Offline catalog export complete.",""
"Offline catalog export failed.",""
"One or more keywords that describe your app. Keywords are matched to users\' searches in the App Store and help return accurate search results. Separate multiple keywords with commas. 100 chars is maximum.",""
"Onepage checkout is disabled.",""
"Only custom theme can be deleted",""
"Only default theme can be reset",""
"Only free apps are allowed in this version.",""
"Only registered users can write reviews. Please, log in or register.",""
"Open","Ανοιχτή"
"Options","Επιλογές"
"Options menu items",""
"Order","Παραγγελία"
"Order #","Παραγγελία #"
"Order #%s - %s","Παραγγελία #%s - %s"
"Order Date: %s","Ημ/νια Παραγγελίας: %s"
"Order Details Updated",""
"Order ID","Αριθμός ID Παραγγελίας"
"Order ID:",""
"Order Info",""
"Order List Updated",""
"Order Number",""
"Order Review","Ανασκόπηση Παραγγελίας"
"Order canceled",""
"Order failed",""
"Order id is not specified.",""
"Order is not available.",""
"Ordered","Σε Παραγγελία"
"Ordered Items",""
"Orders","Παραγγελίες"
"Other amount",""
"Out of Stock","Εκτός Αποθέματος"
"Output format is not specified. Please, specify ""format"" key in constructor, or set it using setFormat().",""
"Overall Activity",""
"POST data is not valid.",""
"Pages","Σελίδες"
"Password","Κωδικός"
"Password fields cannot be empty.",""
"Password is not specified",""
"Password:","Κωδικός:"
"PayPal",""
"PayPal Checkout",""
"PayPal MECL is the mobile version of PayPal\'s Express Checkout service. You can choose to use MECL alongside standard checkout, or use it as your only checkout method for Magento Mobile.",""
"PayPal MEP",""
"PayPal Mobile Embedded Payment (MEP)",""
"PayPal Mobile Express Checkout",""
"PayPal Mobile Express Checkout Library (MECL)",""
"PayPal Mobile Express Checkout Token does not exist.",""
"Payer Email: %s",""
"Payment Applicable From","Η Πληρωμή Ισχύει Από"
"Payment Bridge module unavailable.",""
"Payment Information","Πληροφορίες Πληρωμής"
"Payment Method","Μέθοδος Πληρωμής"
"Payment Method has been set.",""
"Payment Methods","Μέθοδοι Πληρωμής"
"Payment method",""
"Payment method was successfully set.",""
"Paypal MEP doesn\'t support checkout with any discount.",""
"Place Order","Κάντε Παραγγελία"
"Placing order ...",""
"Please <a href=""%s"" target=""_blank"">click here</a> to see how to setup and retrieve API credentials.",""
"Please Select Application",""
"Please Select Device Type",""
"Please agree to all the terms and conditions before placing the order.","Παρακαλούμε, συμφωνήστε με όλους τους όρους και τις συνθήκες προτού κάνετε την παραγγελία σας."
"Please create and save an application first.",""
"Please enter ""App Title"".",""
"Please enter a valid URL. Protocol is required (http://, https:// or ftp://)","Παρακαλούμε εισάγετε μια έγκυρη διεύθυνση URL. Το πρωτόκολλο (http://, https:// or ftp://) είναι υποχρεωτικό."
"Please enter a valid date.","Παρακαλούμε εισάγετε μια έγκυρη ημερομηνία."
"Please enter a valid email address. For example johndoe@domain.com.","Παρακαλούμε εισάγετε μια έγκυρη διεύθυνση email. Για παράδειγμα johndoe@domain.com."
"Please enter at least one email recipient",""
"Please enter issue number or start date for switch/solo card type.","Παρακαλούμε εισάγετε τον εκδοθέντα αριθμό ή την ημερομηνία έκδοσης για εναλλαγή/μεμονωμένου τύπου κάρτας."
"Please enter the Activation Key.",""
"Please enter the Copyright.",""
"Please enter the Description.",""
"Please enter the Price.",""
"Please enter the Resubmission Key.",""
"Please enter the Title.",""
"Please make sure your passwords match.","Παρακαλούμε βεβαιωθείτε πως οι κωδικοί σας είναι ίδιοι."
"Please save application first.",""
"Please select an option.","Παρακαλούμε κάντε μια επιλογή."
"Please select at least one country.",""
"Please select payment method to cover a quote",""
"Please set email",""
"Please specify payment method",""
"Please specify shipping method",""
"Please upload  an image for ""App Background (landscape mode)"" field from Design Tab.",""
"Please upload  an image for ""App Background (portrait mode)"" field from Design Tab.",""
"Please upload  an image for ""App Background"" field from Design Tab.",""
"Please upload  an image for ""Banner on Home Screen (landscape mode)"" field from Design Tab.",""
"Please upload  an image for ""Banner on Home Screen (portrait mode)"" field from Design Tab.",""
"Please upload  an image for ""Banner on Home Screen"" field from Design Tab.",""
"Please upload  an image for ""Logo in Header"" field from Design Tab.",""
"Please use letters only (a-z or A-Z) in this field.","Παρακαλούμε χρησιμοποιήστε μόνο γράμματα (aA-zZ ή αΑ-ωΩ) σε αυτό το πεδίο."
"Please use numbers only in this field. Please avoid spaces or other characters such as dots or commas.","Παρακαλούμε χρησιμοποιήστε μόνο αριθμούς σε αυτό το πεδίο. Παρακαλούμε αποφύγετε κενά ή άλλους χαρακτήρες όπως τελείες ή κόμματα."
"Please use only letters (a-z or A-Z) or numbers (0-9) only in this field. No spaces or other characters are allowed.","Παρακαλούμε χρησιμοποιήστε μόνο γράμματα (aA-zZ,αΑ-ωΩ) ή αριθμούς (0-9) σε αυτό το πεδίο. Δεν επιτρέπονται κενά ή άλλοι χαρακτήρες."
"Please wait...","Παρακαλούμε περιμένετε..."
"Please, specify gift card amount!",""
"Portrait app Background",""
"Portrait banners on Home Screen",""
"Post data is empty.",""
"Post this product to your wall",""
"Posting to e-mails",""
"Preferred size: %spx x %spx.",""
"Prefix",""
"Preset Theme",""
"Preview","Προεπισκόπηση"
"Price","Τιμή"
"Price Font Color",""
"Price excluding tax",""
"Price including tax",""
"Primary Color",""
"Primary Font Color",""
"Problem changing or sending password.",""
"Proceed to Checkout","Συνέχεια στην Ολοκλήρωση Αγορών"
"Product","Προϊόν"
"Product Added to Cart",""
"Product Added to Wishlist",""
"Product Gallery Updated",""
"Product Name3 ",""
"Product Name3 1",""
"Product Name3 2",""
"Product Options Updated",""
"Product Removed From Wishlist",""
"Product Reviews Updated",""
"Product SKU","Κωδικός Προϊόντος (SKU)"
"Product Updated",""
"Product added",""
"Product is out of stock",""
"Product is unavailable.",""
"Product only available on the website.",""
"Product succesfully added to cart",""
"Product was not specified.",""
"Product(s) currently out of stock.",""
"Products","Προϊόντα"
"Pull Down To Update..",""
"Purchase Order Number","Αριθμός Εντολής Αγοράς"
"Push Notification",""
"Push Notifications allow you to send messages directly to the people who have installed your app on their device. Send messages to your full audience even when your app is closed. Push Notifications are one of the best ways to keep your app active by delivering valuable content directly to your customers. Learn more about Push Notifications - <a href=""%1$s"" target=""_blank"">%1$s</a>",""
"Push Title",""
"Push message",""
"Push title",""
"Qty","Ποσ."
"Qty:","Ποσ:"
"Quantity","Ποσότητα"
"Quantity:",""
"Queue Date",""
"Queue Message",""
"Queue does not exist.",""
"Queue is allowed only for applications with enabled Push Notification.",""
"Quote instance is required.",""
"Quote item is not found.","Η Εκτίμηση-Προσφορά του είδους δεν βρίσκεται."
"Range param doesn\'t recognized",""
"Ratings and Reviews",""
"Read the Terms and Conditions",""
"Recent Activity",""
"Recipient Information",""
"Recommended size %spx x %spx.",""
"Recommended size: %spx x %spx at %s dpi.",""
"Recommended size 1024px x 344px. Note: Image size affects the performance of your app.",""
"Recommended size 1024px x 704px. Note: Image size affects the performance of your app.",""
"Recommended size 320px x 230px. Note: Image size affects the performance of your app. Keep your image size below 50 KB for optimal performance.",""
"Recommended size 320px x 258px. Note: Image size affects the performance of your app. Keep your image size below 50 KB for optimal performance.",""
"Recommended size 320px x 367px. Note: Image size affects the performance of your app. Keep your image size below 75 KB for optimal performance.",""
"Recommended size 35px x 35px.",""
"Recommended size 768px x 294px. Note: Image size affects the performance of your app.",""
"Recommended size 768px x 960px. Note: Image size affects the performance of your app.",""
"Recommended size: %spx x %spx.",""
"Recover",""
"Redeem",""
"Redeeming Gift Card %@",""
"Redemption functionality is disabled.",""
"Refunded","Επιστροφή"
"Regions",""
"Register","Εγγραφή"
"Registering cart ...",""
"Registering user ...",""
"Regular","Κανονικό(ή)"
"Regular and confirmation passwords must be equal",""
"Related Product Background Color",""
"Release To Update...",""
"Relevance","Σχετικότητα"
"Remaining downloads",""
"Remove","Αφαίρεση"
"Remove Address...",""
"Removing %@...",""
"Removing Coupon...",""
"Removing Gift Card...",""
"Removing Product from WishList...",""
"Removing Store Credit...",""
"Request internal error.",""
"Request param %s is missed",""
"Required size: %spx x %spx.",""
"Reset theme to default",""
"Resubmission Key",""
"Resubmit App",""
"Resubmit App failure. %s",""
"Results","Αποτελέσματα"
"Revenue","Εισόδημα"
"Revert",""
"Revert Discount",""
"Review","Αξιολόγηση"
"Rich Push allows you to create and send engaging experiences by adding HTML and other rich media components to your push notifications. Moving beyond alerts and badge updates, Rich Push takes users into the app while displaying content in a customizable WebKit view. Create branded messages that engage your users with new content and information, all without having to update your app. Learn more about Rich Push - <a href=""%1$s"" target=""_blank"">%1$s</a>",""
"SORT BY:",""
"Sample","Δείγμα"
"Samples",""
"Save","Αποθήκευση"
"Save As","Αποθήκευση Ως"
"Save Theme",""
"Save and Continue Edit","Αποθήκευση και Συνέχιση της Επεξεργασίας"
"Save and Submit App",""
"Save in address book","Αποθήκευση στο βιβλίο διευθύνσεων"
"Saving Address...",""
"Saving changes ...",""
"Saving shipping address ...",""
"Saving shipping methods ...",""
"Screen resolution is not supported",""
"Screens:",""
"Scroll Background Color",""
"Search","Αναζήτηση"
"Search Term","Όρος Αναζήτησης"
"Search Updated",""
"Searching for %@...",""
"Secondary Color",""
"Secondary Font Color",""
"See all",""
"Select %@",""
"Select All","Επιλογή Όλων"
"Select Chart",""
"Select Links",""
"Select Options",""
"Select Payment Method",""
"Select Range","Επιλογή διαστήματος"
"Select a",""
"Select a Billing Address",""
"Select a Shipping Address",""
"Select from Address Book",""
"Select shipping method",""
"Selected product is unavailable.",""
"Send",""
"Sender Information",""
"Sending e-mail failed...",""
"Set",""
"Settings","Ρυθμίσεις"
"Shake device to reset the filter",""
"Share",""
"Share on LinkedIn",""
"Share on Twitter","Κοινοποιήστε το στο Twitter"
"Ship method",""
"Shipped","Απεστάλη"
"Shipping","Αποστολή Παραγγελίας"
"Shipping Address","Διεύθυνση Αποστολής Παραγγελίας"
"Shipping Method","Μέθοδος Αποστολής"
"Shipping address",""
"Shipping address has been set.",""
"Shipping method",""
"Shipping method has been set.",""
"Shipping method is required",""
"Shipping method successfully updated",""
"Shipping to this address is not possible.",""
"Shop",""
"Shop All",""
"Shop Updated",""
"Shopping Cart","Καλάθι Αγορών"
"Shopping cart is empty.","Το καλάθι αγορών σας είναι άδειο."
"Show Password",""
"Sign In",""
"Signing In...",""
"Signing Out ...",""
"Sky Blue",""
"Social Networking",""
"Some emails were not sent.","Κάποια emails δεν στάλθηκαν."
"Sorry, no payment options are available for this order at this time.",""
"Sorry, no quotes are available for this order at this time.","Συγνώμη, δεν υπάρχουν παραθέσεις για αυτή τη παραγγελία αυτή τη στιγμή."
"Sorry, there are no items in this category.",""
"Special",""
"Special Excl. Tax",""
"Special Incl. Tax",""
"Specific Countries","Συγκεκριμένες Χώρες"
"Specified address does not exist.",""
"Specified invalid app code.",""
"Specified invalid data.",""
"Specified item does not exist in wishlist.",""
"Standard Checkout",""
"Standard Checkout uses the checkout methods provided by Magento. Only inline payment methods are supported. (e.g PayPal Direct,  Authorize.Net, etc.)",""
"Start Date","Ημερομηνία Έναρξης"
"Start Date - Month",""
"Start Date - Year",""
"Starting At",""
"Starting At Excl. Tax",""
"Starting At Incl. Tax",""
"Starting at excl. tax",""
"Starting at incl. tax",""
"State/Province","Νομός/Δήμος"
"Status","Κατάσταση"
"Storage of offline cart on server failed. Please retry later",""
"Store Credit Info Updated",""
"Store Credit payment is not being used in your shopping cart.",""
"Store View","Όψη Καταστήματος"
"Store credit",""
"Store logo that is displayed on copyright page of app.",""
"Store logo that is displayed on copyright page of app. Preferred size: 100px x 100px.",""
"Store logo that is displayed on copyright page of app. Preferred size: 200px x 200px.",""
"Store switcher hasn\'t been defined",""
"Street Address","Διεύθυνση"
"Street Address 2",""
"Subject:",""
"Submission",""
"Submission Fields",""
"Submission History",""
"Submit App",""
"Submit App ""%s""",""
"Submit App failure. %s",""
"Submit App failure. Invalid activation key provided",""
"Submit Review","Υποβολή Αξιολόγησης"
"Submitted",""
"Submitting Review...",""
"Subtotal","Μερικό Σύνολο"
"Subtotal (Excl. Tax)","Μερικό Σύνολο (Μη Συμπ. Φόρου)"
"Subtotal (Incl. Tax)","Μερικό Σύνολο (Συμπ. Φόρου)"
"Subtotal Excl. Tax",""
"Subtotal Incl. Tax",""
"Subtotal excluding tax",""
"Subtotal incl. tax:",""
"Subtotal including tax",""
"Subtotal:","Μερικό Σύνολο:"
"Success",""
"Successfully posted to Facebook",""
"Successfully posted to Linkedin",""
"Suffix",""
"Summary of Your Review","Περίληψη της Αξιολόγησης σας"
"Swipe a product to reveal more options",""
"T-Shirts",""
"Tabs",""
"Tax","Φόροι"
"Telephone","Τηλέφωνο"
"Tell a Friend",""
"Tell a Friend is disabled.",""
"Tell a Friend link has been sent.",""
"Template","Πρότυπο(Template)"
"Template Content","Περιεχόμενο Προτύπου(Template)"
"Template Name","Όνομα Προτύπου"
"Template does not exist.",""
"Template for new AirMail Message does not exist.",""
"Template has been deleted.",""
"Terms And Conditions",""
"Text length does not satisfy specified max text range.",""
"Text length does not satisfy specified min text range.",""
"Thank you for registering!",""
"Thank you for your purchase! ",""
"The %s field should be filled.",""
"The Mailbox title will be shown in the More Info tab. To understand more about the title, please <a target=""_blank"" href=""http://www.magentocommerce.com/img/product/mobile/helpers/mail_box_title.png"">click here</a>",""
"The application is currently inactive.\nPlease try again later.",""
"The cart is empty","Το καλάθι είναι άδειο "
"The custom amount value should be higher than 0.",""
"The custom amount value should not be higher than %s.",""
"The custom amount value should not be lower than %s.",""
"The following email(s) are either mistyped or have incorrect format. Check them and try again:\n",""
"The icon that appears in the Android Market.",""
"The icon that appears in the Android Market. Recommended size: 512px x 512px. Maximum size: 1024 KB.",""
"The length of the text in the %s field is too big. Please shorten the text.",""
"The max length of the field ""%@"" is %d!",""
"The minimum password length is 6",""
"The server responded with invalid data.",""
"The shortening service returned status code %d indicating a client side error.",""
"The shortening service returned status code %d indicating a server side error.",""
"The store credit payment has been removed from shopping cart.",""
"The value is too big!",""
"The value should not be greater than %.2f!",""
"The value should not be less than %.2f!",""
"Theme configurations are successfully reset.",""
"Theme has been created.",""
"Theme has been delete.",""
"Theme label can\'t be empty",""
"Theme label:",""
"Theme name is not set.",""
"There are files that were selected but not uploaded yet. After switching to another tab your selections may be lost. Do you wish to continue ?",""
"There are no items here",""
"There are no items in your cart",""
"There is an error in loading an app\'s configuration",""
"There is an error in retrieving the data. Please try again later",""
"There is no addresses for this contact",""
"There is no store credit history!",""
"There were some problems with the data.","Υπήρχαν κάποια προβλήματα με τα δεδομένα."
"This email address was not found in our records.",""
"This functionality disabled in offline mode",""
"This is a required field.","Αυτό το πεδίο είναι υποχρεωτικό."
"This product has no images.",""
"Title","Τίτλος"
"Title bar",""
"To","Σε"
"To Excl. Tax",""
"To Incl. Tax",""
"To activate PayPal MEP payment method activate Express checkout first. ",""
"To excl. tax",""
"To incl. tax",""
"To preview the newly uploaded images, please save your application first.",""
"To:","Στο:"
"Token has not been set.",""
"Too many recipients have been set.  Max amount of recipients is:",""
"Top Search Terms",""
"Total","Σύνολο"
"Total Order Amount","Συνολικό Ποσό Παραγγελίας"
"Total incl. Tax: %1$s","Συνολικός Συμπ. Φόρος: %1$s"
"Total incl. tax","Το Γενικό Σύνολο συμπ. φόρο"
"Totals",""
"Touch and hold a product to delete from shopping cart",""
"Touch and hold a product to reveal more options",""
"Try Again",""
"Twitter",""
"Twitter API",""
"Twitter API Key",""
"Twitter Authorization",""
"Twitter Autorization",""
"Twitter Secret Key",""
"Twitter post failed...",""
"Type","Τύπος"
"Type and data is required",""
"URL","URL"
"Unable to cancel Mobile Express Checkout.",""
"Unable to cancel queue.",""
"Unable to collect cart totals.",""
"Unable to delete queue.",""
"Unable to find an app to delete.",""
"Unable to find template to delete.",""
"Unable to get shipping methods list.",""
"Unable to initialize MEP Checkout.",""
"Unable to initialize PayPal Mobile Express Checkout.",""
"Unable to initialize express checkout review.",""
"Unable to initialize express checkout shipping method list.",""
"Unable to initialize return action.",""
"Unable to load addresses.",""
"Unable to load application form.",""
"Unable to load banners.",""
"Unable to load billing address form.",""
"Unable to load billing address.",""
"Unable to load categories.",""
"Unable to load checkout.",""
"Unable to load localization.",""
"Unable to load order list.",""
"Unable to load order review.",""
"Unable to load product gallery.",""
"Unable to load product info.",""
"Unable to load product options.",""
"Unable to load product review.",""
"Unable to load product reviews.",""
"Unable to load review form.",""
"Unable to load search.",""
"Unable to load shipping address form.",""
"Unable to place the order.","Αδύνατον να κάνετε παραγγελία."
"Unable to post the review.","Δεν είναι δυνατόν να δημοσιεύσετε την αξιολόγηση."
"Unable to process preview.",""
"Unable to render a gift card account.",""
"Unable to render an order.",""
"Unable to render downloadable products.",""
"Unable to render the store credits.",""
"Unable to save app.",""
"Unable to save message.",""
"Unable to save shipping address.",""
"Unable to save shipping method.",""
"Unable to save template.",""
"Unable to start MEP Checkout.",""
"Unable to start Mobile Express Checkout.",""
"Unable to update shipping method.","Αδύνατη η ανανέωση μεθόδου αποστολής."
"Undefined",""
"Unit Price","Τιμή Μονάδος"
"Unit Price:",""
"Unknown Error",""
"Unknown Error.",""
"Unknown Payment Bridge Error",""
"Unknown error ocured. Please retry later",""
"Unsupported character in path: ""%s""",""
"Unsupported value type received",""
"Update Comment Error",""
"Update Preview",""
"Updating ...",""
"Updating Cart...",""
"Upon receiving these credentials, please fill in the corresponding fields.",""
"Urban Airship Push Notification",""
"Use Billing Address","Χρήση της διεύθυνσης χρέωσης"
"Use Store Credit (%s available)",""
"Use as my default billing address","Χρήση ως προεπιλεγμένη διεύθυνση χρέωσης"
"Use as my default shipping address","Χρήση ως προεπιλεγμένη διεύθυνση αποστολής"
"Use billing address for shipping",""
"User Name:","Όνομα Χρήστη:"
"User session is expired",""
"Version",""
"View Cart",""
"View Details","Εμφάνιση Λεπτομερειών"
"View Gallery",""
"View Wishlist",""
"Warning: All related AirMail messages will be deleted!",""
"Website is offline",""
"Website is offline.",""
"WishList Updated",""
"Wishlist has been cleared.",""
"Wishlist has been updated.",""
"Wishlist has been updated. But there are accrued some errors while updating some items.",""
"Wishlist is empty.",""
"Write a Review",""
"Write a review",""
"Wrong Ipad background image orientation has been specified: ""%s"".",""
"Wrong PayPal Mobile Express Checkout Token specified.",""
"Wrong device type.",""
"Wrong email format",""
"Wrong or expired Gift Card Code.",""
"Wrong theme format.",""
"YYYY","ΥΥΥΥ"
"Year","Έτος"
"Yes","Ναι"
"You are already logged in.",""
"You are not logged in",""
"You can watch statistics here.",""
"You canceled your order. Touch ""Pay with PayPal"" to try again.",""
"You have entered an incorrect decimal value in the custom amount field. Provide a valid value.",""
"You have placed no orders.","Δεν έχετε κάνει καμία παραγγελία"
"You have uncommitted actions. Commit?",""
"You may also like",""
"You must login first",""
"You must read and agree to the Terms and Conditions before placing your order.",""
"You need to enable PayPal Express Checkout first from the Payment configuration before enabling PayPal MECL.",""
"You will receive an order confirmation email with details of your order and a link to track its progress.","Θα λάβετε ένα email για επιβεβαίωση της παραγγελίας σας με λεπτομέρειες τής και με έναν σύνδεσμο για να παρακολουθείτε τη πρόοδό της."
"Your current balance is:",""
"Your order # is: %s. ",""
"Your order cannot be completed at this time as there is no payment methods available for it.","Η παραγγελία σας δεν μπορεί να ολοκληρωθεί αυτή τη στιγμή, καθώς δεν υπάρχουν μέθοδοι πληρωμής διαθέσιμες γι 'αυτό."
"Your order failed. Touch ""Pay with PayPal"" to try again.",""
"Your review has been accepted for moderation.","Η Αξιολόγησή σας έγινε δεκτή για έλεγχο από τον διαχειριστή."
"Your tweet has been sent. Thanks for sharing this product on Twitter",""
"Zip/Postal Code","Τ. Κ."
"\'%s\' exceeds the allowed file size: %d (bytes)",""
"\'%s\' height exceeds allowed value of %d px",""
"\'%s\' is not a valid file extension. Allowed extensions: %s",""
"\'%s\' width exceeds allowed value of %d px",""
"<a href=""%s"" target=""_blank"">Login</a> to Urabn Airship.",""
"and","και"
"as Guest",""
"each","έκαστο"
"field is required",""
"iPad",""
"iPhone",""
"image_id is required",""
"not set",""
"required",""
"save","αποθήκευση"
"ver. %s",""