"""%s"" coupon code is not valid.","""%s"" o κωδικός κουπονιού δεν είναι έγκυρος."
"%s","%s"
"%s / %s rate:","%s / %s ποσοστό:"
"%s for %s","%s για %s"
"%s order(s) cannot be canceled","%s παραγγελία(ες) είναι αδύνατο να ακυρωθoύν"
"%s order(s) have been canceled.","%s παραγγελία(ες) έχουν ακυρωθεί."
"%s order(s) have been put on hold.","%s παραγγελία(ες) έχουν τεθεί σε αναμονή."
"%s order(s) have been released from holding status.","%s παραγγελία(ες) έχουν ελευθερωθεί από την κατάσταση αναμονής."
"%s order(s) were not put on hold.","%s παραγγελία(ες) δεν τέθηκαν σε αναμονή."
"%s order(s) were not released from holding status.","%s παραγγελία(ες) δεν ελευθερώθηκαν από την κατάσταση αναμονής."
"* - Enter custom price excluding tax","* - Εισαγωγή προσαρμοσμένης τιμής μη συμπ. φόρου"
"* - Enter custom price including tax","* - Εισαγωγή προσαρμοσμένης τιμής συμπ. φόρου"
"* Required Fields","* Υποχρεωτικά Πεδία"
"-- Please Select --","-- Παρακαλούμε Επιλέξτε --"
"-- Please Select Billing Agreement--","-- Παρακαλούμε Επιλέξτε Συμφωνία Χρέωσης --"
"About This Order:","Σχετικά με αυτή τη Παραγγελία:"
"About This Profile:","Σχετικά με αυτό το Προφίλ:"
"About Your Invoice","Σχετικά με το Τιμολόγιό σας"
"About Your Order","Σχετικά με τη Παραγγελία σας"
"About Your Refund","Σχετικά με τις Επιστροφές των Χρημάτων σας"
"About Your Shipment","Σχετικά με την Αποστολή της Παραγγελίας σας"
"Accept Payment","Αποδοχή Πληρωμής"
"Accept or Deny Payment","Αποδοχή ή Απόρριψη Πληρωμής"
"Account Information","Πληροφορίες Λογαριασμού"
"Action","Ενέργεια"
"Actions","Ενέργειες"
"Activate","Ενεργοποίηση"
"Active","Ενεργό"
"Add","Προσθήκη"
"Add New Address","Προσθήκη Νέας Διεύθυνσης"
"Add Order Comments","Προσθήκη Σχολίων Παραγγελίας"
"Add Package","Προσθήκη Πακέτου"
"Add Products","Προσθήκη Προϊόντων"
"Add Selected Product(s) to Option","Προσθήκη Επιλεγμένου(ων) Προϊόντος(ων) στις Επιλογές"
"Add Selected Product(s) to Order","Προσθήκη Επιλεγμένου(ων) Προϊόντος(ων) στη Παραγγελία"
"Add Selected Product(s) to Package","Προσθήκη Επιλεγμένου(ων) Προϊόντος(ων) στη Συσκευασία"
"Add To Order","Προσθήκη Στη Παραγγελία"
"Add Tracking Number","Προσθήκη Αριθμού Παρακολούθησης"
"Add comment to order","Προσθήκη σχολίων στη παραγγελία"
"Add new comment to credit memo","Προσθήκη νέου σχολίου στο πιστωτικό υπόμνημα"
"Add new comment to shipment","Προσθήκη νέου σχολίου στην αποστολή παραγγελίας"
"Add new tracking number","Προσθήκη νέου αριθμού παρακολούθησης"
"Add to Cart","Αγορά"
"Additional Product Info","Πρόσθετες Πληροφορίες Προϊόντος"
"Address","Διεύθυνση"
"Address model is not defined.","Το ευρετήριο διευθύνσεων δεν καθορίζεται."
"Adjustment Fee","Χρέωση Προσαρμογής"
"Adjustment Refund","Επιστροφή Χρημάτων Προσαρμογής"
"Agreement Information","Πληροφορίες Συμφωνίας"
"Allow Reorder","Επιτρεπτή η Επαναπαραγγελία "
"Amount","Ποσό"
"Amount: %s.","Ποσό: %s."
"An error occurred while assigning order status. Status has not been assigned.","Προέκυψε σφάλμα κατά την ανάθεση της κατάστασης παραγγελίας. Η κατάσταση δεν έχει ανατεθεί."
"An error occurred while creating shipping label.","Προέκυψε σφάλμα κατά την δημιουργία ετικέτας αποστολής."
"An error occurred while saving order status. The status has not been added.","Προέκυψε σφάλμα κατά την αποθήκευση της κατάστασης παραγγελίας. Η κατάσταση δεν έχει προστεθεί."
"An error occurred while unassigning order status.","Προέκυψε σφάλμα κατά την ανεκχώρηση της κατάστασης παραγγελίας. "
"An error occurred while updating the order address. The address has not been changed.","Προέκυψε σφάλμα κατά την ενημέρωση της διεύθυνσης παραγγελίας. Η διεύθυνση δεν έχει αλλαχτεί."
"An item option with code %s already exists.","Η επιλογή είδους με κωδικό %s υπάρχει ήδη."
"Anchor Custom Title","Αγκίστρωση Προσαρμοσμένου Τίτλου"
"Append Comments","Προσάρτηση Σχολίων"
"Apply","Εφαρμογή"
"Apply Coupon Code","Εφαρμογή Κωδικού Κουπονιού"
"Approved the payment online.","Έχει εγκριθεί η online πληρωμή."
"Are you sure you want to accept this payment?","Είστε βέβαιοι ότι θέλετε να αποδεχθείτε αυτή τη πληρωμή;"
"Are you sure you want to cancel this order?","Είστε βέβαιοι ότι θέλετε να ακυρώσετε αυτή τη παραγγελία;"
"Are you sure you want to delete all items from shopping cart?","Είστε βέβαιοι ότι θέλετε να αφαιρέσετε όλα τα είδη από το καλάθι αγορών;"
"Are you sure you want to deny this payment?","Είστε βέβαιοι ότι θέλετε να απορρίψετε αυτή τη πληρωμή;"
"Are you sure you want to do this?","Είστε βέβαιοι ότι θέλετε να το κάνετε αυτό;"
"Are you sure you want to send Creditmemo email to customer?","Είστε βέβαιοι ότι θέλετε να στείλετε email Πιστωτικού Υπομνήματος στον πελάτη;"
"Are you sure you want to send Invoice email to customer?","Είστε βέβαιοι πως θέλετε να στείλετε email Τιμολόγησης στον πελάτη;"
"Are you sure you want to send Shipment email to customer?","Είστε βέβαιοι πως θέλετε να στείλετε email Αποστολής Παραγγελίας στον πελάτη;"
"Are you sure you want to send order email to customer?","Είστε βέβαιοι πως θέλετε να στείλετε email της παραγγελίας στον πελάτη;"
"Are you sure you want to void the payment?","Είστε βέβαιοι πως θέλετε να ακυρώσετε την πληρωμή;"
"Are you sure?","Είστε σίγουροι;"
"Are you sure? This order will be canceled and a new one will be created instead","Είστε σίγουροι; Αυτή η παραγγελία θα ακυρωθεί και μία νέα θα δημιουργηθεί στη θέση της"
"Assign Order Status to State","Εκχώρηση Κατάστασης Παραγγελίας σε καθεστώς"
"Assign Status to State","Εκχώρηση Κατάστασης σε καθεστώς"
"Assignment Information","Πληροφορίες Εκχώρησης "
"At least a payment ID must be set.","Τουλάχιστον το αναγνωριστικό-ID πληρωμής πρέπει να τεθεί."
"Authorization","Έγκριση"
"Authorized amount of %s.","Εγκεκριμένο ποσό των %s."
"Authorizing amount of %s is pending approval on gateway.","Το εγκεκριμένο ποσό των %s εκκρεμεί για έγκριση στη πύλη πληρωμής."
"Back","Πίσω"
"Back to Billing Agreements","Πίσω στις Συμφωνίες Χρέωσης."
"Back to My Orders","Πίσω στις Παραγγελίες μου"
"Back to Recurring Profiles","Πίσω στα Επαναλαμβανόμενα Προφίλ"
"Backordered","Καθυστερημένη Παραγγελία"
"Bestsellers","Δημοφιλέστερα"
"Bill to Name","Χρέωση στο Όνομα"
"Billing","Χρέωση"
"Billing Address","Διεύθυνση Χρέωσης"
"Billing Agreement","Συμφωνία Χρέωσης"
"Billing Agreement # %s","Συμφωνία Χρέωσης # %s"
"Billing Agreement #%s","Συμφωνία Χρέωσης #%s"
"Billing Agreement View","Εμφάνιση Συμφωνία Χρέωσης "
"Billing Agreements","Συμφωνίες Χρέωσης"
"Billing Last Name","Επώνυμο Χρέωσης"
"Billing ZIP Code","Ταχ. Κωδικός Χρέωσης"
"Buy %s for price %s","Αγορά %s για τιμή %s"
"CSV","CSV"
"Cancel","Ακύρωση"
"Cancel credit memo","Ακύρωση πιστωτικού υπομνήματος"
"Cancel invoice","Ακύρωση τιμολογίου"
"Cancel order","Ακύρωση παραγγελίας"
"Canceled","Έχει Ακυρωθεί"
"Canceled order offline.","Ακύρωση παραγγελίας εκτός σύνδεσης."
"Canceled order online.","Ακύρωση παραγγελίας σε σύνδεση."
"Cannot add order history.","Δεν είναι δυνατό να προστεθεί ιστορικό παραγγελίας."
"Cannot create an empty shipment.","Δεν είναι δυνατή η δημιουργία κενής αποστολής παραγγελίας."
"Cannot determine the field name.","Δεν είναι δυνατό να καθοριστεί το όνομα αναγνωριστικού πεδίου."
"Cannot do invoice for order.","Δεν είναι δυνατό να τιμολογηθεί η παραγγελία."
"Cannot do shipment for order.","Δεν είναι δυνατό να αποσταλεί η παραγγελία."
"Cannot get order instance","Αδύνατη η παραλαβή παραδείγματος παραγγελίας"
"Cannot get the order instance.","Αδύνατη η παραλαβή του παραδείγματος παραγγελίας."
"Cannot register an existing credit memo.","Αδύνατη η εγγραφή ενός υπάρχοντος πιστωτικού υπομνήματος."
"Cannot register existing invoice","Αδύνατη η εγγραφή υπάρχοντος τιμολογίου"
"Cannot register existing shipment","Αδύνατη η εγγραφή υπάρχουσας αποστολής παραγγελίας"
"Capture","Σύλληψη"
"Capture Amount","Σύλληψη Ποσού"
"Capture Offline","Σύλληψη Offline"
"Capture Online","Σύλληψη Online"
"Capture invoice","Καταγραφή τιμολογίου"
"Captured amount of %s online.","Καταγραφή ποσού των %s σε σύνδεση."
"Capturing amount of %s is pending approval on gateway.","Καταγραφή ποσού των %s εκκρεμεί για έγκριση στη πύλη πληρωμής."
"Carrier","Μεταφορέας"
"Carrier/Method","Μεταφορέας/Μέθοδος"
"Change status, add comments","Αλλαγή κατάστασης, προσθήκη σχολίων"
"Changing address information will not recalculate shipping, tax or other order amount.","Αλλάζοντας πληροφορίες διεύθυνσης δεν θα υπολογιστούν εκ νέου μεταφορικά, φόρος ή άλλα ποσά παραγγελίας."
"Checkout Totals Sort Order","Σειρά Ταξινόμησης Συνόλου Ολοκλήρωσης Αγορών"
"City","Πόλη"
"Clear Shopping Cart","Άδειασμα Καλαθιού Αγορών"
"Click to change shipping method","Κάντε κλικ για να αλλάξετε τη μέθοδο αποστολής παραγγελίας"
"Close","Κλείσιμο"
"Closed","Έχει Κλείσει"
"Comma-separated.","Διαχωρισμένα με κόμμα"
"Comment","Σχόλιο"
"Comment Text","Κείμενο Σχολίου"
"Comments","Σχόλια"
"Comments History","Ιστορία Σχολίων"
"Company","Εταιρεία"
"Complete","Ολοκληρωμένη"
"Configure","Διαμορφώστε"
"Configure and Add to Order","Διαμόρφωση και Προσθήκη στη Παραγγελία"
"Contents","Περιεχόμενα"
"Continue","Συνέχεια"
"Controls whether customer IP is shown in orders, invoices, shipments, credit memos.","Ελέγχει εάν η IP του πελάτη εμφανίζεται στις παραγγελίες, στα τιμολόγια, στις αποστολές και στα πιστωτικά υπομνήματα."
"Country","Χώρα"
"Coupons","Κουπόνια"
"Create","Δημιουργία"
"Create New Customer","Δημιουργία Νέου Πελάτη"
"Create New Order","Δημιουργία Νέας Παραγγελίας"
"Create New Order Status","Δημιουργία Κατάστασης Νέας Παραγγελίας"
"Create New Order for %s","Δημιουργία Νέας Παραγγελίας για %s"
"Create New Order for %s in %s","Δημιουργία Νέας Παραγγελίας για %s στο %s"
"Create New Order for New Customer","Δημιουργία Νέας Παραγγελίας για Νέο Πελάτη"
"Create New Order for New Customer in %s","Δημιουργία Νέας Παραγγελίας για Νέο Πελάτη στο %s"
"Create New Status","Δημιουργία Νέας Κατάστασης"
"Create Packages","Δημιουργία Πακέτων Συσκευασίας"
"Create Shipment","Δημιουργία Αποστολής Παραγγελίας"
"Create Shipping Label","Δημιουργία Ετικέτας Αποστολής Παραγγελίας"
"Create Shipping Label...","Δημιουργία Ετικέτας Αποστολής Παραγγελίας..."
"Create new credit memo for order","Δημιουργία νέου πιστωτικού υπομνήματος για παραγγελία"
"Create new invoice for order","Δημιουργία νέου τιμολογίου για παραγγελία"
"Create new shipment for order","Δημιουργία νέας αποστολής για παραγγελία"
"Create...","Δημιουργία..."
"Created At","Δημιουργήθηκε την"
"Created billing agreement #%s.","Δημιουργήθηκε συμφωνία χρέωσης #%s."
"Created:","Δημιουργήθηκε:"
"Credit Memo","Πιστωτικό Υπόμνημα"
"Credit Memo #","Πιστωτικό Υπόμνημα #"
"Credit Memo # ","Πιστωτικό Υπόμνημα # "
"Credit Memo #%1$s | %3$s | %2$s (%4$s)","Πιστωτικό Υπόμνημα #%1$s | %3$s | %2$s (%4$s)"
"Credit Memo Comment Email Sender","Αποστολέας Email Σχολίου Πιστωτικού Υπομνήματος"
"Credit Memo Comment Email Template","Πρότυπο(Template) Email Σχολίου Πιστωτικού Υπομνήματος"
"Credit Memo Comment Email Template for Guest","Πρότυπο(Template) Email Σχολίου Πιστωτικού Υπομνήματος για Επισκέπτη"
"Credit Memo Comments","Σχόλια Πιστωτικού Υπομνήματος"
"Credit Memo Email Sender","Αποστολέας Email Πιστωτικού Υπομνήματος"
"Credit Memo Email Template","Πρότυπο(Template) Email Πιστωτικού Υπομνήματος"
"Credit Memo Email Template for Guest","Πρότυπο(Template) Email Πιστωτικού Υπομνήματος για Επισκέπτη"
"Credit Memo Update","Ενημέρωση Πιστωτικού Υπομνήματος"
"Credit Memo Update for Guest","Ενημέρωση Πιστωτικού Υπομνήματος για Επισκέπτη"
"Credit Memos","Πιστωτικά Υπομνήματα"
"Credit memo canceling problem.","Πρόβλημα ακύρωσης πιστωτικού υπομνήματος."
"Credit memo cannot be canceled.","Το πιστωτικό υπόμνημα δεν είναι δυνατό να ακυρωθεί."
"Credit memo has been created automatically","Το πιστωτικό υπόμνημα έχει δημιουργηθεί αυτόματα"
"Custom Price","Προσαρμοσμένη Τιμή"
"Custom Value","Προσαρμοσμένη Τιμή"
"Customer","Πελάτης"
"Customer Can Define Start Date","Ο Πελάτης Μπορεί να Καθορίσει Ημ/νία Έναρξης"
"Customer Email","Email Πελάτη"
"Customer Group","Ομάδα Πελάτη"
"Customer Last Name","Επώνυμο Πελάτη"
"Customer My Account Order Creditmemo View","Εμφάνιση Πιστωτικού Υπομνήματος Παραγγελίας στο Λογαριασμό του Πελάτη"
"Customer My Account Order History","Εμφάνιση Ιστορικού Παραγγελίας στο Λογαριασμό του Πελάτη"
"Customer My Account Order Invoice View","Εμφάνιση Τιμολόγιο Παραγγελίας στο Λογαριασμό του Πελάτη"
"Customer My Account Order Shipment View","Εμφάνιση Αποστολής Παραγγελίας στο Λογαριασμό του Πελάτη"
"Customer My Account Order View","Εμφάνιση Παραγγελίας στο Λογαριασμό του Πελάτη"
"Customer Name","Όνομα Πελάτη"
"Customer\'s Current Activities","Τρέχουσες Δραστηριότητες Πελάτη\ών"
"Customs Value","Τελωνειακή Αξία"
"Date","Ημερομηνία"
"Date Shipped","Ημερομηνία Αποστολής"
"Default Status","Προεπιλεγμένη Κατάσταση"
"Default Template","Προεπιλεγμένο Πρότυπο(Template)"
"Default logo, will be used in PDF and HTML documents.<br />(jpeg, tiff, png) If you see image distortion in PDF, try to use larger image","Το προεπιλεγμένο λογότυπο, πρέπει να χρησιμοποιηθεί σε έγγραφο PDF και HTML.<br />(jpeg, tiff, png)  Αν δείτε παραμόρφωση εικόνας στο PDF, προσπαθήστε να χρησιμοποιήσετε μεγαλύτερη εικόνα"
"Delete","Διαγραφή"
"Delete Package","Διαγραφή Πακέτου Συσκευασίας"
"Denied the payment online.","Απορρίφθηκε η online πληρωμή."
"Deny Payment","Απόρριψη Πληρωμής"
"Description Message","Μήνυμα Περιγραφής"
"Discount","Έκπτωση"
"Discount (%s)","Έκπτωση (%s)"
"Discount Amount","Ποσό Έκπτωσης"
"Display Order ID in Header","Εμφάνιση αριθμού-ID παραγγελίας στην Επικεφαλίδα"
"Edit","Επεξεργασία"
"Edit Order #%s","Επεξεργασία Παραγγελίας #%s"
"Edit Order %s %s Address","Επεξεργασία Διεύθυνση Παραγγελίας %s %s"
"Edit Order Status","Επεξεργασία Κατάστασης Παραγγελίας"
"Email","Email"
"Email Address","Διεύθυνση Email"
"Email Copy of Credit Memo","Αποστολή Email Αντιγράφου Πιστωτικού Υπομνήματος"
"Email Copy of Invoice","Αποστολή Email Αντιγράφου Τιμολογίου"
"Email Copy of Shipment","Αποστολή Email Αντιγράφου Αποστολής Παραγγελίας"
"Email Order Confirmation","Email Επιβεβαίωσης Παραγγελίας"
"Enable","Ενεργοποίηση"
"Enabled","Ενεργοποιημένο"
"Enter the billing last name and email/ZIP as in the order billing address","Εισαγωγή του επώνυμου χρέωσης και του email/Τ.Κ. όπως είναι στη διεύθυνση χρέωσης της παραγγελίας"
"Entered data is incorrect. Please try again.","Τα δεδομένα που εισήχθηκαν δεν είναι σωστά. Παρακαλούμε προσπαθήστε πάλι."
"Error to Show in Shopping Cart","Σφάλμα στη Προβολή στο Καλάθι Αγορών"
"Excel XML","Αρχείο Excel XML"
"Excl. Tax","Μη Συμπ. Φόρος"
"Expired","Έληξε"
"Explanation","Επεξήγηση "
"Failed to cancel the billing agreement.","Αποτυχία στην ακύρωση της συμφωνίας χρέωσης."
"Failed to create billing agreement for this order.","Αποτυχία στη δημιουργία συμφωνίας χρέωσης γι'αυτή τη παραγγελία."
"Failed to finish billing agreement wizard.","Αποτυχία να τερματίσει ο οδηγός συμφωνίας χρέωσης. "
"Failed to send the order email.","Αποτυχία στην αποστολή email παραγγελίας."
"Failed to start billing agreement wizard.","Αποτυχία να ξεκινήσει ο οδηγός συμφωνίας χρέωσης. "
"Failed to update the payment.","Αποτυχία στην ενημέρωση της πληρωμής."
"Failed to update the profile.","Αποτυχία στην ενημέρωση του προφίλ."
"Failed to void the payment.","Αποτυχία στην ακύρωση της πληρωμής."
"Fetch","Φέρνω"
"File extension not known or unsupported type in the following shipment: %s","Η επέκταση αρχείου δεν είναι γνωστή ή δεν είναι υποστηρίζεται στην παρακάτω αποστολή: %s"
"Find Order By:","Εύρεση Παραγγελίας Κατά: "
"First Name","Όνομα"
"From","Από"
"From Name","Από Όνομα"
"From:","Από:"
"G.T. (Base)","T.Σ. (Βάση)"
"G.T. (Purchased)","Τ.Σ. (Αγορά)"
"General","Γενικά"
"General Information","Γενικές Πληροφορίες"
"Get Payment Update","Λήψη Ενημέρωσης Πληρωμής"
"Get Update","Λήψη Ενημέρωσης"
"Get shipping methods and rates","Δείτε μεθόδους αποστολής και χρεώσεις"
"Gift Message","Μήνυμα Δώρου"
"Gift Message for This Order","Μήνυμα Δώρου γι'αυτή τη Παραγγελία"
"Gift Message for the Entire Order","Μήνυμα Δώρου για Ολόκληρη τη Παραγγελία"
"Gift Message for this Order","Μήνυμα Δώρου για αυτή τη Παραγγελία"
"Gift Options","Επιλογές Δώρου"
"Girth","Περίμετρος  "
"Go to Home Page","Πίσω Στην Αρχική Σελίδα"
"Grand Total","Τελικό Σύνολο"
"Grand Total to be Charged","Να χρεωθεί το Γενικό Σύνολο"
"Guest","Επισκέπτης"
"Height","Ύψος"
"Hide Customer IP","Απόκρυψη IP Πελάτη"
"Hold","Σε Αναμονή"
"Hold action is not available.","Η λειτουργία της Αναμονής δεν είναι διαθέσιμη."
"Hold order","Αναμονή παραγγελίας"
"Home","Αρχική Σελίδα"
"ID","ID"
"ID #","ID #"
"If empty, the default description above will be used.","Αν είναι κενό, η παραπάνω προεπιλεγμένη περιγραφή θα χρησιμοποιηθεί."
"If empty, the default error above will be used.","Αν είναι κενό, το παραπάνω προεπιλεγμένο σφάλμα θα χρησιμοποιηθεί."
"If the invoice was created offline, try creating an offline creditmemo.","Αν το τιμολόγιο δημιουργήθηκε εκτός σύνδεσης, προσπαθήστε να δημιουργήσετε πιστωτικό υπόμνημα εκτός σύνδεσης."
"Incl. Tax","Συμπεριλαμβανόμενος Φόρος"
"Information","Πληροφορίες"
"Initial Fee","Αρχική Χρέωση"
"Initial Fees","Αρχικές Χρεώσεις"
"Initial period payment","Αρχική περίοδος πληρωμής"
"Insufficient information to create shipping label(s). Please verify your Store Information and Shipping Settings.","Ανεπαρκής πληροφορίες για δημιουργία ετικέτας(ών) αποστολής. Παρακαλούμε επαληθεύστε τις Πληροφορίες Καταστήματος και τις Ρυθμίσεις Αποστολής."
"Invalid block: %s.","Άκυρο τμήμα: %s."
"Invalid carrier specified.","Καθορίστηκε μη έγκυρος μεταφορέας. "
"Invalid draw line data. Please define ""lines"" array.","Μη έγκυρα δεδομένα σχεδίασης γραμμής. Παρακαλούμε προσδιορίστε τη διάταξη ""γραμμών"""
"Invalid entity model","Άκυρη οντότητα μοντέλου"
"Invalid item option format.","Άκυρη μορφοποίηση επιλογής είδους."
"Invalid qty to invoice item ""%s""","Άκυρη ποσ. για τιμολόγηση του είδους ""%s"""
"Invalid qty to refund item ""%s""","Άκυρη ποσ. για επιστροφή χρημάτων του είδους ""%s"""
"Invalid qty to ship for item ""%s""","Άκυρη ποσ. για αποστολή του είδους ""%s"""
"Invalid renderer model","Μη έγκυρο παρεχόμενο μοντέλο"
"Invalid request for adding product to quote.","Άκυρη αίτηση για προσθήκη προϊόντος στη προσφορά."
"Invalid value(s) for Qty to Ship","Μη έγκυρη τιμή(ες) Ποσ. για Αποστολή"
"Invoice","Τιμολόγιο"
"Invoice #","Τιμολόγιο #"
"Invoice # ","Τιμολόγιο # "
"Invoice #%1$s | %2$s | %4$s (%3$s)","Τιμολόγιο #%1$s | %2$s | %4$s (%3$s)"
"Invoice #%s","Τιμολόγιο #%s"
"Invoice Comment Email Sender","Αποστολέας Email Σχολίου Τιμολογίου"
"Invoice Comment Email Template","Πρότυπο Email Σχολίου Τιμολογίου"
"Invoice Comment Email Template for Guest","Πρότυπο Email Σχολίου Τιμολογίου για Επισκέπτη"
"Invoice Comments","Σχόλια Τιμολογίου"
"Invoice Date","Ημερομηνία Τιμολογίου"
"Invoice Email Sender","Αποστολέας Email Τιμολογίου"
"Invoice Email Template","Πρότυπο(Template) Email Τιμολογίου"
"Invoice Email Template for Guest","Πρότυπο(Template) Email Τιμολογίου για Επισκέπτη"
"Invoice Update","Ενημέρωση Τιμολογίου"
"Invoice Update for Guest","Ενημέρωση Τιμολογίου για Επισκέπτη"
"Invoice and Packing Slip Design","Σχεδίαση Τιμολογίου και Συσκευασίας (έντυπου)"
"Invoice and Ship","Τιμολόγηση και Αποστολή"
"Invoice canceling problem.","Πρόβλημα ακύρωσης Τιμολογίου."
"Invoice cannot be canceled.","Το τιμολόγιο δεν μπορεί να ακυρωθεί."
"Invoice cannot be captured.","Το τιμολόγιο δεν μπορεί να καταγραφεί."
"Invoice cannot be voided.","Το τιμολόγιο δεν μπορεί να αποφευχθεί. "
"Invoice capturing problem.","Πρόβλημα καταγραφής τιμολογίου."
"Invoice void problem","Πρόβλημα αποφυγής τιμολογίου"
"Invoice will be created without communication with payment gateway.","Το τιμολόγιο θα δημιουργηθεί χωρίς σύνδεση επικοινωνίας με την πύλη πληρωμής."
"Invoiced","Τιμολογημένο"
"Invoiced:",""
"Invoices","Τιμολόγια"
"Is Closed","Είναι Κλειστό"
"Item","Είδος"
"Item Status","Κατάσταση Προϊόντος"
"Item object is not specified.","Το είδος του αντικειμένου δεν έχει καθοριστεί."
"Item options declaration error.","Λάθος δηλωμένων επιλογών είδους."
"Item ordered qty","Ποσ.  παραγγελθέντος είδους "
"Item qty declaration error.","Λάθος ποσ. δηλωμένου είδους."
"Items","Είδη"
"Items Invoiced","Τιμολογημένα Είδη"
"Items Ordered","Παραγγελθέντα Είδη"
"Items Refunded","Είδη στα οποία έγινε επιστροφή χρημάτων"
"Items Shipped","Απεσταλμένα Είδη"
"Items in the Package","Είδη στη Συσκευασία"
"Items maximum quantity or price do not allow checkout.","Η μέγιστη ποσότητα ή οι τιμές των ειδών δεν επιτρέπουν την ολοκλήρωση των αγορών."
"Items options declaration error.","Λάθος δηλωμένων επιλογών ειδών."
"Items to Refund","Είδη στα οποία πρέπει να γίνει επιστροφή χρημάτων"
"Items to Ship","Είδη προς Αποστολή"
"Key","Κλειδί"
"Last Name","Επίθετο"
"Last Ordered Items","Τελευταία Παραγγελμένα Είδη"
"Last status can\'t be unassigned from state.","Τελευταία κατάσταση δεν μπορεί να ανεκχωρηθεί από τη δήλωση."
"Length","Μήκος"
"Link to the New Order","Σύνδεση με τη Νέα Παραγγελία"
"Link to the Previous Order","Σύνδεση με τη Προηγούμενη Παραγγελία"
"Logo for HTML Print View","Προεπισκόπιση Εκτύπωσης Λογότυπου για HTML"
"Logo for HTML documents only. If empty, default will be used.<br />(jpeg, gif, png)","Λογότυπο για έγγραφα HTML μόνο. Αν είναι κενό, προεπιλεγμένο θα χρησιμοποιηθεί.<br />(jpeg, gif, png)"
"Logo for PDF Print-outs (200x50)","Λογότυπο για εκτυπώσεις PDF (200x50)"
"Make Check payable to:","Το Τσεκ-η Επιταγή να πληρωθεί στο(η):"
"Manage","Διαχείριση"
"Maximum amount available to refund is %s","Το μέγιστο ποσό διαθέσιμο για επιστροφή είναι %s"
"Maximum shipping amount allowed to refund is: %s","Το μέγιστο ποσό μεταφορικών που επιτρέπεται για επιστροφή είναι: %s"
"Message","Μήνυμα"
"Message:","Μήνυμα:"
"Minimum Amount","Ελάχιστο Ποσό"
"Minimum Order Amount","Ελάχιστο Ποσό Παραγγελίας"
"Mixed","Μοικτά"
"Most Viewed","Περισσότερες Εμφανίσεις"
"Most Viewed Products Report","Αναφορά Προϊόντων με τις Περισσότερες Εμφανίσεις"
"Move to Shopping Cart","Μετακίνηση στο Καλάθι Αγορών"
"Move to Wishlist","Μετακίνηση στα Επιθυμητά"
"Multi-address Description Message","Μήνυμα Περιγραφής Πολλαπλών διευθύνσεων"
"Multi-address Error to Show in Shopping Cart","Λάθος Εμφάνισης Πολλαπλών διευθύνσεων στο Καλάθι Αγορών"
"My Orders","Οι Παραγγελιες μου"
"My Orders - Details","Οι Παραγγελίες - Λεπτομέρειες μου"
"N/A","Μη Διαθέσιμο"
"Name","Όνομα"
"New","Νέο"
"New Billing Agreement","Νέα Συμφωνία Χρέωσης"
"New Credit Memo","Νεό Πιστωτικό Υπόμνημα"
"New Credit Memo for Guest","Νεό Πιστωτικό Υπόμνημα για Επισκέπτη"
"New Credit Memo for Invoice #%s","Νέο Πιστωτικό Υπόμνημα για τιμολόγιο #%s"
"New Credit Memo for Order #%s","Νέο Πιστωτικό Υπόμνημα για Παραγγελία #%s"
"New Invoice","Νέο Τιμολόγιο"
"New Invoice and Shipment for Order #%s","Νέο Τιμολόγιο και Αποστολή για Παραγγελία #%s"
"New Invoice for Guest","Νέο Τιμολόγιο για Επισκέπτη"
"New Invoice for Order #%s","Νέο Τιμολόγιο για Παραγγελία #%s"
"New Order","Νέα Παραγγελία"
"New Order Confirmation Email Sender","Αποστολέας Email Επιβεβαίωσης Νέας Παραγγελίας"
"New Order Confirmation Template","Πρότυπο(Template) Email Επιβεβαίωσης Νέας Παραγγελίας"
"New Order Confirmation Template for Guest","Πρότυπο(Template) Email Επιβεβαίωσης Νέας Παραγγελίας για Επισκέπτη"
"New Order RSS","RSS Νέας Παραγγελίας"
"New Order Status","Κατάσταση Νέας Παραγγελίας"
"New Order for Guest","Νέα Παραγγελία για Επισκέπτη"
"New Shipment","Νέα Αποστολή Παραγγελίας"
"New Shipment for Guest","Νέα Αποστολή Παραγγελίας για Επισκέπτη"
"New Shipment for Order #%s","Νέο Αποστολή για Παραγγελία #%s"
"Newsletter Subscription","Εγγραφή στο Δελτίο Νέων "
"No","Όχι"
"No Items","Δεν υπάρχουν Είδη"
"No Items To Refund","Δεν υπάρχουν Είδη για Επιστροφή Χρημάτων"
"No Payment Methods","Δεν υπάρχουν Μέθοδοι Πληρωμής"
"No detail for number ""%s""","Καμία λεπτομέρεια για αριθμό ""%s"""
"No information available.","Δεν υπάρχουν διαθέσιμες πληροφορίες."
"No items","Δεν υπάρχουν είδη"
"No order(s) were put on hold.","Δεν τέθηκαν παραγγελία(ες) σε αναμονή."
"No order(s) were released from holding status."," Δεν ελευθερώθηκαν παραγγελία(ες)  από την κατάσταση αναμονής."
"No ordered items","Δεν υπάρχουν παραγγελθέντα είδη"
"No shipping information available","Δεν υπάρχουν διαθέσιμες πληροφορίες αποστολής"
"Nominal Items","Ονομαστικά Είδη"
"Nominal item can be purchased standalone only. To proceed please remove other items from the quote.","Ονομαστικά Είδη μπορούν να αγοραστούν μόνο αυτόνομα. Για να συνεχίσετε παρακαλώ αφαιρέστε τα υπόλοιπα είδη από την προσφορά."
"Nominal order registered.","Εγγράφηκε η Ονομαστική παραγγελία. "
"Not Capture","Χωρίς Σύλληψη"
"Not Initialized","Δεν Αρχικοποιήθηκε"
"Not Notified","Δεν Ειδοποιήθηκε"
"Not enough valid data to save the parent transaction ID.","Δεν υπάρχουν αρκετά έγκυρα δεδομένα για να αποθηκευτεί το αναγνωριστικό ID της μητρικής συναλλαγής."
"Notification Not Applicable","Η Ειδοποίηση δεν είναι Εφαρμόσιμη"
"Notified","Ειδοποιημένος-η-ο"
"Notify Customer by Email","Ειδοποίηση Πελάτη με Email"
"Number","Αριθμός"
"Number of Invoiced Orders","Αριθμός Τιμολογημένων Παραγγελιών"
"Number of Orders","Αριθμός Παραγγελιών"
"Number of Refunded Orders","Αριθμός Επιστρεφόμενων Παρραγγελιών"
"OK","Εντάξει"
"Offline Refunded","Εκτός Σύνδεσης-Offline Επιστροφή"
"On Hold","Σε Αναμονή"
"Online Refunded","Σε Σύνδεση- Online Επιστροφή"
"Order","Παραγγελία"
"Order #","Παραγγελία #"
"Order # ","Παραγγελία # "
"Order # %s","Παραγγελία # %s"
"Order # %s %s | %s","Παραγγελία # %s %s | %s"
"Order #%s","Παραγγελία #%s"
"Order #%s - %s","Παραγγελία #%s - %s"
"Order API","Παραγγελία API"
"Order Address Information","Πληροφορίες Διεύθυνσης Παραγγελίας"
"Order Comment","Σχόλιο Παραγγελίας"
"Order Comment Email Sender","Αποστολέας Email Σχολίου Παραγγελίας"
"Order Comment Email Template","Πρότυπο Email Σχολίου Παραγγελίας"
"Order Comment Email Template for Guest","Πρότυπο Email Σχολίου Παραγγελίας για Επισκέπτη"
"Order Comments","Σχόλια Παραγγελίας"
"Order Credit Memos","Πιστωτικά Υπομνήματα Παραγγελίας"
"Order Currency:","Νόμισμα Παραγγελίας:"
"Order Date","Ημ/νια Παραγγελίας"
"Order Date (%s)","Ημ/νία Παραγγελίας (%s)"
"Order Date: ","Ημ/νια Παραγγελίας: "
"Order Date: %s","Ημ/νια Παραγγελίας: %s"
"Order Details","Λεπτομέρειες Παραγγελίας"
"Order Grand Total","Τελικό Σύνολο Παραγγελίας"
"Order History","Ιστορικό Παραγγελίας"
"Order History Info","Πληροφορίες Ιστορικού Παραγγελίας"
"Order ID","Αριθμός ID Παραγγελίας"
"Order Information","Πληροφορίες Παραγγελίας"
"Order Invoices","Τιμολόγια Παραγγελίας"
"Order Shipments","Αποστολές Παραγγελίας"
"Order State","Καθεστώς Παραγγελίας"
"Order Status","Κατάσταση Παραγγελίας"
"Order Status Information","Πληροφορίες Κατάστασης Παραγγελίας"
"Order Statuses","Καταστάσεις Παραγγελίας"
"Order Subtotal","Μερικό Σύνολο Παραγγελίας"
"Order Taxes Report Grouped by Tax Rates","Αναφορά Φόρων Παραγγελίασ ομαδοποιημένοι ανά Ποσοστό Φόρων"
"Order Total","Σύνολο Παραγγελίας"
"Order Totals","Σύνολα Παραγγελίας"
"Order Update","Ενημέρωση Παραγγελίας"
"Order Update for Guest","Ενημέρωση Παραγγελίας για Επισκέπτη"
"Order View","Εμφάνιση Παραγγελίας"
"Order credit memo","Πιστωτικό υπόμνημα παραγγελίας"
"Order does not allow to be canceled.","Δεν επιτρέπεται να ακυρωθεί η παραγγελία."
"Order invoice","Τιμολόγιο παραγγελίας"
"Order is suspended as its authorizing amount %s is suspected to be fraudulent.","Η παραγγελία αναστέλλεται καθώς το αρμόδιο ποσό της %s θεωρείται ύποπτο ότι είναι ψευδής."
"Order is suspended as its capture amount %s is suspected to be fraudulent.","Η παραγγελία αναστέλλεται καθώς το εγκρινόμενο ποσό της %s θεωρείται ύποπτο ότι είναι ψευδής."
"Order object is not specified.","Το αντικείμενο παραγγελίας δεν έχει καθοριστεί."
"Order saving error: %s","Σφάλμα αποθήκευσης παραγγελίας: %s"
"Order shipments","Αποστολές παραγγελίας"
"Order status does not exist.","Η κατάσταση παραγγελίας δεν υπάρχει."
"Order status with the same status code already exist.","Η κατάσταση παραγγελίας με τον ίδιο κωδικό κατάστασης υπάρχει ήδη."
"Order was placed using %s","Η Παραγγελία έγινε χρησιμοποιόντας %s"
"Ordered","Σε Παραγγελία"
"Ordered amount of %s.","Ποσό σε παραγγελία των %s."
"Ordering amount of %s is pending approval on gateway.","Το ποσό που παραγγέλθηκε των %s εκκρεμεί για έγκριση στη πύλη πληρωμής."
"Orders","Παραγγελίες"
"Orders and Returns","Παραγγελίες και Επιστροφές"
"Orders and Returns Search Form","Φόρμα Αναζήτησης Παραγγελιών και Επιστροφών"
"Original Price","Αρχική Τιμή"
"Original order item that recurring payment profile correspondss to.","Αρχικό είδος παραγγελίας που επαναλαμβάνει προφίλ πληρωμής αντιστοιχεί σε %s."
"PDF Credit Memos","PDF Πιστωτικών Υπομνημάτων"
"PDF Invoices","PDF Τιμολογίων"
"PDF Packingslips","PDF Δελτίων Αποστολής"
"PDF Print-outs","Εκτυπώσεις PDF"
"PDF object is not specified.","Το είδος του PDF δεν είναι καθορισμένο."
"PDF page object is not specified.","Το είδος σελίδας του PDF δεν είναι καθορισμένο."
"PDF total model should extend Mage_Sales_Model_Order_Pdf_Total_Default","Το συνολικό μοντέλο PDF θα πρέπει να επεκταθεί Mage_Sales_Model_Order_Pdf_Total_Default"
"Package","Συσκευασία "
"Package types are disregarded for USPS domestic shipments.","Οι τύποι συσκευασίας αγνοούνται από τις εγχώριες μεταφορές ΕΛΤΑ "
"Packages","Πακέτα"
"Packingslip # ","Δελτίο Αποστολής # "
"Paid","Έχει Πληρωθεί"
"Paid Amount","Ποσό Πληρωμής"
"Parent Transaction ID","Κωδικός ID Μητρικής Συναλλαγής "
"Parent transaction ID must have a transaction ID.","Ο Κωδικός ID μητρικής συναλλαγής πρέπει να έχει τον ID συναλλαγής."
"Partial","Μερικό"
"Payment Failed","Αποτυχία Πληρωμής"
"Payment Information","Πληροφορίες Πληρωμής"
"Payment Method","Μέθοδος Πληρωμής"
"Payment Method Name","Όνομα Μεθόδου Πληρωμής"
"Payment Method:","Μέθοδος Πληρωμής:"
"Payment Review","Αξιολόγηση Πληρωμής"
"Payment disallow storing objects.","Η Πληρωμή απορρίπτει την αποθήκευση αντικειμένων."
"Payment transactions disallow storing objects.","Οι πράξεις πληρωμής απορρίπτουν την αποθήκευση αντικειμένων."
"Payment type","Τύπος πληρωμής"
"Payment update has been made.","Η ενημέρωση πληρωμής έχει γίνει."
"Pending","Εκκρεμεί"
"Pending Payment","Αναμονή Πληρωμής"
"Period","Περίοδος"
"Place Order Using Billing Agreements","Κάντε Παραγγελία Χρησιμοποιώντας Συμφωνίες Χρέωσης"
"Placed from IP","Έγινε από IP"
"Please Select Products to Add","Παρακαλούμε επιλέξτε προϊόντα να Προσθέσετε"
"Please Select a Customer"," Παρακαλούμε Επιλέξτε Πελάτη"
"Please Select a Store","Παρακαλούμε επιλέξτε Κατάστημα"
"Please check billing address information. %s","Παρακαλούμε ελέγξτε τις πληροφορίες τις διεύθυνσης αποστολής. %s"
"Please check shipping address information. %s","Παρακαλούμε ελέγξτε τις πληροφορίες της διεύθυνσης αποστολής. %s"
"Please define PDF object before using.","Παρακαλούμε ορίστε αντικείμενο PDF πριν το χρησιμοποιήσετε. "
"Please enter positive number in this field.","Παρακαλούμε εισάγετε ένα θετικό αριθμό στο πεδίο αυτό."
"Please select a valid payment method.","Παρακαλούμε, επιλέξτε μία έγκυρη μέθοδο πληρωμής."
"Please specify a shipping method.","Παρακαλούμε, καθορίστε μία μέθοδο αποστολής."
"Please specify a valid grid column alias name that exists in grid table.","Παρακαλούμε καθορίστε έγκυρο πλέγμα στήλης ώστε να υπάρχει το ψευδώνυμο στον πίνακα εκκίνησης."
"Price","Τιμή"
"Print","Εκτύπωση"
"Print All","Εκτύπωση Όλων"
"Print All Invoices","Εκτύπωση Όλων των Τιμολογίων"
"Print All Refunds","Εκτύπωση Όλων των Επιστροφών"
"Print All Shipments","Εκτύπωση Όλων των Αποστολών"
"Print Credit Memos","Εκτύπωση Πιστωτικών Υπομνημάτων"
"Print Invoice","Εκτύπωση Τιμολογίου"
"Print Invoices","Εκτύπωση Τιμολογίων"
"Print Order","Εκτύπωση Παραγγελίας"
"Print Order # %s","Εκτύπωση Παραγγελίας # %s"
"Print Packingslips","Εκτύπωση Δελτίων Αποστολής"
"Print Refund","Εκτύπωση Επιστροφής Χρημάτων"
"Print Shipment","Εκτύπωση Αποστολής"
"Print Shipping Label","Εκτύπωση Ετικέτας Αποστολής"
"Print Shipping Labels","Εκτύπωση Ετικετών Αποστολής"
"Processing","Γίνεται επεξεργασία"
"Product","Προϊόν"
"Product Name","Όνομα Προϊόντος"
"Products","Προϊόντα"
"Products Bestsellers Report","Αναφορά Προϊόντων με τις Μεγαλύτερες Πωλήσεις"
"Products in Comparison List","Προϊόντα στην Λίστα Σύγκρισης"
"Products should be added to package(s)","Τα Προϊόντα θα πρέπει να προστεθούν στο πακέτο(α) "
"Profile #%s","Προφίλ #%s"
"Profile Information","Πληροφορίες του Προφίλ"
"Profile State","Καθεστώς Προφίλ"
"Profit","Κέρδος"
"Promotion Coupons Usage Report","Αναφορά Χρήσης Προωθητικών Κουπονιών"
"Proper payment object must be set.","Η κατάλληλη πληρωμή αντικειμένου πρέπει να ρυθμιστεί."
"Purchase Order Number:","Αριθμός Εντολής Αγοράς:"
"Purchased From","Αγοράστηκε Από"
"Purchased From (Store)","Αγοράστηκε Από (Κατάστημα)"
"Purchased Item","Αγορασμένο Είδος"
"Purchased On","Αγοράστηκε Την"
"Qty","Ποσ."
"Qty Invoiced","Ποσ. που Τιμολογήθηκε"
"Qty Ordered","Ποσ. που παραγγέλθηκε"
"Qty Shipped","Ποσ. που Απεστάλη"
"Qty To Add","Ποσ. για να προστεθεί"
"Qty to Add","Ποσ. για να προστεθεί"
"Qty to Invoice","Ποσ. για να Τιμολογηθεί"
"Qty to Refund","Ποσ. για Επιστροφή"
"Qty to Ship","Ποσ. για Αποστολή"
"Quantity Ordered","Ποσότητα Παραγγελθέντων"
"Quote item id is not received.","Ο κωδικός-id προσφοράς είδους δεν παραλήφθηκε."
"Quote item is not loaded.","Η προσφορά είδους δεν φορτώθηκε."
"Rate","Ποσοστό"
"Recent Orders","Προσφατες Παραγγελιες"
"Recently Compared Products","Προϊοντα που Συγκριθηκαν Προσφατα"
"Recently Viewed","Έχουν Προβληθεί Πρόσφατα"
"Recently Viewed Products","Προϊοντα που ειδατε Προσφατα"
"Recurring Profile # %s","Επαναλαμβανόμενο Προφίλ # %s"
"Recurring Profile Initial Fee","αναλαμβανόμενο Προφίλ Αρχικής Αμοιβής"
"Recurring Profiles","Επαναλαμβανόμενα Προφίλ"
"Recurring Profiles (beta)","Επαναλαμβανόμενα Προφίλ (beta)"
"Reference ID","ID Αναφοράς"
"Reference ID:","ID Αναφοράς:"
"Refresh","Ανανέωση"
"Refund","Επιστροφή Χρημάτων"
"Refund #","Επιστροφή Χρημάτων #"
"Refund #%s","Επιστροφή Χρημάτων #%s"
"Refund Amount","Ποσό Επιστροφής"
"Refund Offline","Επιστροφή Χρημάτων Offline"
"Refund Shipping","Επιστροφή Αποστολής"
"Refund Shipping (Excl. Tax)","Επιστροφή Αποστολής (Μη Συμπ. Φόρου)"
"Refund Shipping (Incl. Tax)","Επιστροφή Αποστολής (Συμπ. Φόρου)"
"Refund Totals","Γενικό Σύνολο Επιστροφής"
"Refunded","Επιστροφή"
"Refunded amount of %s offline.","Επιστρεφόμενο ποσό των %s εκτός σύνδεσης-offline."
"Refunded amount of %s online.","Επιστρεφόμενο ποσό των %s σε σύνδεση-online."
"Refunds","Επιστροφές Χρημάτων"
"Registered a Void notification.","Εγγεγραμμένη Κοινοποίηση Αποφυγής."
"Registered notification about approved payment.","Εγγεγραμμένη κοινοποίηση σχετικά με εγκεκριμένη πληρωμή."
"Registered notification about captured amount of %s.","Εγγεγραμμένη κοινοποίηση σχετικά με καταγεγραμμένο ποσό των %s."
"Registered notification about denied payment.","Εγγεγραμμένη κοινοποίηση σχετικά με απορριφθείσα πληρωμή."
"Registered notification about refunded amount of %s.","Εγγεγραμμένη κοινοποίηση σχετικά με επιστρεφόμενο ποσό των %s."
"Registered update about approved payment.","Εγγεγραμμένη ενημέρωση σχετικά με εγκεκριμένη πληρωμή."
"Registered update about denied payment.","Εγγεγραμμένη ενημέρωση σχετικά με απορριφθείσα πληρωμή."
"Regular Payment","Κανονική Πληρωμή"
"Related Orders","Σχετικές Παραγγελίες"
"Remove","Αφαίρεση"
"Remove Coupon Code","Αφαίρεση Κωδικού Κουπονιού"
"Remove tracking number","Αφαίρεση αριθμού παρακολούθησης"
"Reorder","Επαναπαραγγελία"
"Retrieve credit memo info","Ανάκτηση πληροφορίας πιστωτικού υπομνήματος"
"Retrieve credit memo information","Ανάκτηση πληροφοριών πιστωτικού υπομνήματος"
"Retrieve credit memo list","Ανάκτηση λίστας πιστωτικού υπομνήματος"
"Retrieve invoice info","Ανάκτηση πληροφορίας τιμολογίου"
"Retrieve invoice information","Ανάκτηση πληροφοριών τιμολογίου"
"Retrieve list of credit memos by filters","Ανάκτηση λίστας πιστωτικών υπομνημάτων με φίλτρα"
"Retrieve list of invoices by filters","Ανάκτηση λίστας τιμολογίων με φίλτρα"
"Retrieve list of orders by filters","Ανάκτηση λίστας παραγγελιών με φίλτρα"
"Retrieve list of shipments by filters","Ανάκτηση λίστας αποστολών με φίλτρα"
"Retrieve order information","Ανάκτηση πληροφοριών παραγγελίας"
"Retrieve orders info","Ανάκτηση πληροφορίας παραγγελιών"
"Retrieve shipment info","Ανάκτηση πληροφορίας αποστολής"
"Retrieve shipment information","Ανάκτηση πληροφοριών αποστολής"
"Return to Stock","Επιστροφή στο Απόθεμα"
"Returned","Έχει Επιστραφεί"
"Returns","Επιστροφές "
"Revenue","Εισόδημα"
"Row Subtotal","Μερικό Σύνολο Γραμμής"
"Row Total","Σύνολο Γραμμής"
"SKU","SKU"
"Sales","Πωλήσεις"
"Sales Discount","Έκπτωση Πωλήσεων"
"Sales Emails","Emails Πωλήσεων"
"Sales Emails Section","Τμήμα Emails Πωλήσεων"
"Sales Invoice Print View","Προεπισκόπιση Εκτύπωσης Τιμολογίου Πωλήσεων"
"Sales Items","Είδη Πωλήσεων"
"Sales Order Print View","Προεπισκόπιση Εκτύπωσης Παραγγελίας Πωλήσεων"
"Sales Section","Τμήμα Πωλήσεων"
"Sales Shipment Print View","Προεπισκόπιση Εκτύπωσης Αποστολής Πωλήσεων"
"Sales Shipping","Αποστολή Πωλήσεων"
"Sales Tax","Φόρος Πωλήσεων"
"Sales Total","Σύνολο Πωλήσεων"
"Same As Billing Address","Ίδια με τη Διεύθυνση Χρέωσης"
"Save Order Address","Αποθήκευση Διεύθυνσης Παραγγελίας"
"Save Status","Αποθήκευση Κατάστασης"
"Save Status Assignment","Αποθήκευση Κατάστασης Εκχώρησης"
"Save in address book","Αποθήκευση στο βιβλίο διευθύνσεων"
"Schedule","Πρόγραμμα"
"Select","Επιλογή"
"Select All","Επιλογή Όλων"
"Select from existing customer addresses:","Επιλογή από ήδη υπάρχουσα διεύθυνση πελάτη:"
"Selected option(s) or their combination is not currently available.","Οι ενεργοποιημένες επιλογές(ή) ή ο συνδυασμός τους δεν είναι προσωρινά διαθέσιμες."
"Send Credit Memo Comment Email Copy To","Αποστολή Email Αντιγράφου Σχολίου Πιστωτικού Υπομνήματος Στο/η"
"Send Credit Memo Comments Email Copy Method","Μέθοδος Αποστολής Email Αντιγράφου Σχολίων Πιστωτικού Υπομνήματος "
"Send Credit Memo Email Copy Method","Μέθοδος Αποστολής Email Αντιγράφου Πιστωτικού Υπομνήματος "
"Send Credit Memo Email Copy To","Αποστολή Email Αντιγράφου Πιστωτικού Υπομνήματος Στο/η"
"Send Email","Αποστολή των Emails"
"Send Invoice Comment Email Copy To","Αποστολή Email Αντιγράφου Σχολίου Τιμολογίου Στο/η"
"Send Invoice Comments Email Copy Method","Μέθοδος Αποστολής Email Αντιγράφου Σχολίων Τιμολογίου"
"Send Invoice Email Copy Method","Μέθοδος Αποστολής Email Αντιγράφου Τιμολογίου"
"Send Invoice Email Copy To","Αποστολή Email Αντιγράφου Τιμολογίου Στο/η"
"Send Order Comment Email Copy To","Αποστολή Email Αντιγράφου Σχολίου Παραγγελίας Στο/η"
"Send Order Comments Email Copy Method","Μέθοδος Αποστολής Email Αντιγράφου Σχολίων Παραγγελίας"
"Send Order Email","Αποστολή Email Παραγγελίας"
"Send Order Email Copy Method","Μέθοδος Αποστολής Email Αντιγράφου Παραγγελίας"
"Send Order Email Copy To","Αποστολή Email Αντιγράφου Παραγγελίας Στο/η"
"Send Sales Emails","Αποστολή Emails Πωλήσεων"
"Send Shipment Comment Email Copy To","Αποστολή Email Αντιγράφου Σχολίου Αποστολής Στο/η"
"Send Shipment Comments Email Copy Method","Μέθοδος Αποστολής Email Αντιγράφου Σχολίων Αποστολής"
"Send Shipment Email Copy Method","Μέθοδος Αποστολής Email Αντιγράφου Αποστολής"
"Send Shipment Email Copy To","Αποστολή Email Αντιγράφου Αποστολής Στο/η"
"Send Tracking Information","Αποστολή Πληροφορίας Παρακολούθησης"
"Send shipment info","Αποστολή πληροφορίας αποστολής"
"Set order for existing transactions not allowed","Εφαρμογή παραγγελίας για υπάρχουσες συναλλαγές δεν επιτρέπεται"
"Ship","Αποστολή"
"Ship To","Αποστολή Σε"
"Ship to Name","Αποστολή στο Όνομα"
"Ship to:","Αποστολή Σε:"
"Shipment","Αποστολή Παραγγελίας"
"Shipment #","Αποστολή Παραγγελίας #"
"Shipment #%1$s | %3$s (%2$s)","Αποστολή #%1$s | %3$s (%2$s)"
"Shipment #%s","Αποστολή Παραγγελίας #%s"
"Shipment Comment Email Sender","Αποστολέας Email Σχολίου Αποστολής Παραγγελίας"
"Shipment Comment Email Template","Πρότυπο(Template) Email Σχολίου Αποστολής Παραγγελίας"
"Shipment Comment Email Template for Guest","Πρότυπο(Template) Email Σχολίου Αποστολής Παραγγελίας για Επισκέπτη"
"Shipment Comments","Σχόλια Αποστολής Παραγγελίας"
"Shipment Email Sender","Αποστολέας Email Αποστολής Παραγγελίας"
"Shipment Email Template","Πρότυπο(Template) Email Αποστολής Παραγγελίας"
"Shipment Email Template for Guest","Πρότυπο(Template) Email Αποστολής Παραγγελίας για Επισκέπτη"
"Shipment Update","Ενημέρωση Αποστολής"
"Shipment Update for Guest","Ενημέρωση Αποστολής για Επισκέπτη"
"Shipments","Αποστολές Παραγγελιών"
"Shipped","Απεστάλη"
"Shipped By","Απεστάλη Με"
"Shipping","Μεταφορικά"
"Shipping & Handling","Μεταφορικά & Φορτοεκφόρτωση"
"Shipping &amp; Handling","Μεταφορικά &amp; Φορτοεκφόρτωση"
"Shipping &amp; Handling Information","Πληροφορίες Μεταφορικών &amp; Μεταχείρισης"
"Shipping Address","Διεύθυνση Αποστολής"
"Shipping Amount","Ποσό Αποστολής"
"Shipping Information","Πληροφορίες Αποστολής"
"Shipping Method","Μέθοδος Αποστολής"
"Shipping Method:","Μέθοδος Αποστολής:"
"Shipping Refund","Επιστροφή Χρημάτων Αποστολής"
"Shipping and Tracking Information","Πληροφορίες Αποστολής και Παρακολούθησης"
"Shopping Cart","Καλάθι Αγορών"
"Show Packages","Εμφάνιση Πακέτων"
"Signature Confirmation","Επιβεβαίωση Υπογραφής"
"Signed Up From","Εγγράφηκε Από"
"Size","Μέγεθος"
"Sku","Sku"
"Sold to:","Πουλημένο σε:"
"Some item options or their combination are not currently available.","Μερικές επιλογές είδους ή οι συνδυασμοί τους δεν είναι προσωρινά διαθέσιμες."
"Some of the products below do not have all the required options.","Μερικά από τα παρακάτω προϊόντα δεν έχουν όλες τις απαιτούμενες επιλογές."
"Some of the selected options are not currently available.","Κάποιες από τις ενεργοποιημένες επιλογές δεν είναι προσωρινά διαθέσιμες."
"Sorry, no quotes are available for this order at this time.","Συγνώμη, δεν υπάρχουν παραθέσεις για αυτή τη παραγγελία αυτή τη στιγμή."
"Source object is not specified.","Η πηγή του αντικειμένου δεν έχει καθοριστεί."
"Specified profile does not exist.","Το καθορισμένο προφίλ δεν υπάρχει."
"State Code [State Title]","Κωδικός Νομού [Τίτλος Νομού]"
"State/Province","Νομός/Δήμος"
"Status","Κατάσταση"
"Status Code","Κωδικός Κατάστασης"
"Status Label","Ετικέτα Κατάστασης"
"Status:","Κατάσταση:"
"Store Credit","Πίστωση Καταστήματος"
"Store View Specific Labels","Ειδικές Επιγραφές στην Όψη Καταστήματος"
"Street Address","Διεύθυνση"
"Submit Comment","Υποβολή Σχολίου"
"Submit Credit Memo","Υποβολή Πιστωτικού Υπομνήματος"
"Submit Invoice","Υποβολή Τιμολογίου"
"Submit Invoice and Shipment","Υποβολή Τιμολογίου και Αποστολής"
"Submit Order","Υποβολή Παραγγελίας"
"Submit Shipment","Υποβολή Αποστολής Παραγγελίας"
"Subscribe to Newsletter","Εγγραφή στο Δελτίο Νέων"
"Subscribe to Order Status","Εγγραφή στη Κατάσταση Παραγγελίας"
"Subtotal","Μερικό Σύνολο"
"Subtotal after discount.","Μερικό Σύνολο μετά την έκπτωση."
"Subtotal:","Μερικό Σύνολο:"
"Suspected Fraud","Ύποπτη Νοθεία"
"Suspend","Διακοκή"
"Suspended","Διακόπτεται"
"Tax","Φόρος"
"Tax Amount","Ποσό Φόρου"
"Tax Percent","Ποσοστό Φόρου"
"Telephone","Τηλέφωνο"
"The Order State ""%s"" must not be set manually.","Το Καθεστώς Παραγγελίας ""%s"" δεν πρέπει να τεθεί χειροκίνητα."
"The address total model should be extended from Mage_Sales_Model_Quote_Address_Total_Abstract.","Το συνολικό μοντέλο διεύθυνσης πρέπει να επεκταθεί από Mage_Sales_Model_Quote_Address_Total_Abstract."
"The billing agreement ""%s"" has been canceled.","Η συμφωνία χρέωσης ""%s"" έχει ακυρωθεί."
"The billing agreement ""%s"" has been created.","Η συμφωνία χρέωσης ""%s"" έχει δημιουργηθεί."
"The coupon code has been accepted.","Ο κωδικός κουπονιού έχει γίνει δεκτός."
"The message has been sent.","Το μήνυμα έχει σταλεί."
"The message was sent.","Το μήνυμα εστάλη."
"The order address has been updated.","Η διεύθυνση παραγγελίας έχει ενημερωθεί."
"The order email has been sent.","Το email παραγγελίας έχει αποσταλεί."
"The order has been cancelled.","Η παραγγελία έχει ακυρωθεί."
"The order has been created.","Η παραγγελία δημιουργήθηκε. "
"The order has been put on hold.","Η παραγγελία έχει τεθεί σε αναμονή."
"The order has been released from holding status.","Η παραγγελία έχει ελευθερωθεί από την κατάσταση αναμονής."
"The order has not been cancelled.","Η παραγγελία δεν έχει ακυρωθεί."
"The order status has been assigned.","Η κατάσταση παραγγελίας έχει ανατεθεί."
"The order status has been saved.","Η κατάσταση παραγγελίας έχει αποθηκευτεί."
"The order status has been unassigned.","Η κατάσταση παραγγελίας δεν έχει ανατεθεί."
"The order was not put on hold.","Η παραγγελία δεν έχει τεθεί σε αναμονή."
"The order was not unheld.","Η παραγγελία δεν διατηρήθηκε."
"The order was placed using %s","Η Παραγγελία έγινε χρησιμοποιόντας %s"
"The order(s) cannot be canceled","Η παραγγελία(ες) είναι αδύνατο να ακυρωθούν"
"The payment has been accepted.","Η πληρωμή έχει γίνει δεκτή."
"The payment has been denied.","Η πληρωμή έχει απορριφθεί. "
"The payment has been voided.","Η πληρωμή έχει αποφευχθεί."
"The profile has been updated.","Το προφίλ έχει ενημερωθεί."
"The profile has no changes.","Το προφίλ δεν έχει καθόλου αλλαγές."
"The profile state has been updated.","Η κατάσταση του προφίλ έχει ενημερωθεί."
"The quantity you want to add exceeds the total shipped quantity for some of selected Product(s)","Η ποσότητα που επιθυμείτε να προσθέσετε υπερβαίνει τη συνολική ποσότητα αποστολής για μερικά από τα επιλεγμένα Προϊόντα(όν)."
"The requested Payment Method is not available.","Η αιτούμενη Μέθοδος Πληρωμής δεν είναι διαθέσιμη."
"The shipping label has been created.","Η ετικέτα αποστολής έχει δημιουργηθεί."
"The transaction ""%s"" (%s) is already closed.","Η συναλλαγή ""%s"" (%s) έχει ήδη κλείσει."
"The transaction ""%s"" cannot be captured yet.","Η συναλλαγή ""%s"" δεν μπορεί ακόμα να καταγραφεί."
"The value that you entered is not valid.","Η αξία που εισάγατε δεν είναι έγκυρη."
"There are no billing agreements yet.","Δεν υπάρχουν ακόμα συμφωνίες χρέωσης."
"There are no printable documents related to selected orders.","Δεν υπάρχουν εκτυπώσιμα αρχεία που σχετίζονται με τις επιλεγμένες παραγγελίες. "
"There are no shipping labels related to selected orders.","Δεν υπάρχουν ετικέτες αποστολής που σχετίζονται με τις επιλεγμένες παραγγελίες. "
"There are no shipping labels related to selected shipments.","Δεν υπάρχουν ετικέτες αποστολής που σχετίζονται με τις επιλεγμένες αποστολές. "
"There is no need to approve this payment.","Δεν υπάρχει καμία ανάγκη να εγκριθεί αυτή η πληρωμή."
"There is no need to deny this payment.","Δεν υπάρχει καμία ανάγκη να απορριφθεί αυτή η πληρωμή."
"There is no update for the payment.","Δεν υπάρχει ενημέρωση για την πληρωμή."
"This message will be shown in shopping cart when subtotal after discount less than minimum amount.","Το μήνυμα θα φανεί στο καλάθι αγορών όταν το μερικό σύνολο μετά την έκπτωση είναι μικρότερο από το ελάχιστο ποσό."
"This operation requires an existing transaction object.","Αυτή η λειτουργία απαιτεί ένα υπάρχων αντικείμενο συναλλαγής."
"This order contains (%s) items and therefore cannot be edited through the admin interface at this time, if you wish to continue editing the (%s) items will be removed, the order will be canceled and a new order will be placed.","Αυτή η παραγγελία περιέχει (%s) είδη και εντούτοις δεν μπορεί να επεξεργαστεί αυτή τη στιγμή από το διαχειριστικό περιβάλλον, αν θελήσετε να συνεχίσετε την επεξεργασία, τα (%s) είδη θα διαγραφούν, η παραγγελία θ'ακυρωθεί και μια νέα παραγγελία θα πάρει τη θέση της."
"This order no longer exists.","Αυτή η παραγγελία δεν υπάρχει πλέον."
"This product does not have any configurable options","Αυτό το προϊόν δεν έχει κάποιες διαμορφωμένες επιλογές "
"This profile state cannot be changed to ""%s"".","Η κατάσταση του προφίλ δεν μπορεί να αλλαχτεί σε ""%s""."
"This will create an offline refund. To create an online refund, open an invoice and create credit memo for it. Do you wish to proceed?","Αυτό θα δημιουργήσει μία εκτός σύνδεσης-offline επιστροφή χρημάτων. Για να δημιουργηθεί σε σύνδεση-online επιστροφή, ανοίγετε ένα τιμολόγιο και δημιουργείτε ένα πιστωτικό σημείωμα γι'αυτό. Επιθυμείτε να συνεχίσετε;"
"Tier Pricing","Τιμολόγηση Πολλαπλών Τεμαχίων(Tier)"
"Title","Τίτλος"
"To","Σε"
"To Name","Στο Όνομα"
"To:","Στο:"
"Total","Σύνολο"
"Total %d product(s)","Σύνολο %d προϊόντος(ων)"
"Total (ex)","Σύνολο (μη συμπ.)"
"Total (inc)","Σύνολο (συμπ.)"
"Total Due","Σύνολο Ωφειλών"
"Total Invoiced","Σύνολο Τιμολόγησης"
"Total Invoiced Paid","Σύνολο Πληρωμένων Τιμολογήσεων"
"Total Invoiced VS Paid Report","Σύνολο Τιμολογήσεων έναντι Αναφοράς Πληρωμών"
"Total Invoiced not Paid","Σύνολο μη Πληρωμένων Τιμολογήσεων"
"Total Ordered Report","Αναφορά Σύνολου Παραγγελθέντων"
"Total Paid","Σύνολο Καταβαλλόμενων Πληρωμών"
"Total Qty","Συνολική Ποσ."
"Total Refund","Σύνολο Επιστροφών"
"Total Refunded","Σύνολο που Επιστράφηκε"
"Total Refunded Report","Αναφορά Συνόλου Επιστροφών Χρημάτων"
"Total Sales Shipping","Σύνολο Απεσταλμένων Πωλήσεων"
"Total Shipped Report","Αναφορά Συνόλου Απεσταλμένων "
"Total Shipping","Σύνολο Αποστολών"
"Total Shipping Charges","Σύνολο Χρεώσεων Αποστολών"
"Total Tax","Σύνολο Φόρου"
"Total Weight","συνολικό Βάρος"
"Total model should be extended from Mage_Sales_Model_Order_Total_Abstract.","Το συνολικό μοντέλο πρέπει να επεκταθεί από Mage_Sales_Model_Order_Total_Abstract."
"Track Order","Παρακολούθηση Παραγγελίας"
"Track all shipment(s)","Παρακολούθηση όλων των αποστολών"
"Track all shipments","Παρακολούθηση όλων των αποστολών"
"Track this shipment","Παρακολούθηση αυτής της αποστολής"
"Track your order","Παρακολούθηση της παραγγελίας σας"
"Tracking","Παρακολούθηση"
"Tracking Number","Αριθμός Παρακολούθησης"
"Tracking Number(s):","Αριθμός(οι) Παρακολούθησης:"
"Transaction ""%s"" was already processed.","Η Συναλλαγή ""%s"" ήδη επεξεργάστηκε."
"Transaction # %s | %s","Συναλλαγή # %s | %s"
"Transaction ID","Κωδικός ID Συναλλαγής"
"Transaction ID must not be empty.","Ο Κωδικός ID Συναλλαγής δεν πρέπει να είναι κενός."
"Transaction ID: ""%s"".","Κωδικός ID Συναλλαγής: ""%s""."
"Transaction Type","Τύπος Συναλλαγής"
"Transactions","Συναλλαγές"
"Trial ","Δοκιμή"
"Trial Payment","Δοκιμαστική Πληρωμή"
"Trial Period","Περίοδος Δοκιμής"
"Trial period payment","Περίοδος δοκιμαστικής πληρωμής"
"Type","Τύπος"
"Unassign","Ακύρωση Εκχώρησης"
"Unhold","Ακύρωση Αναμονής"
"Unhold action is not available.","Η ενέργεια Ακύρωσης Αναμονής δεν είναι διαθέσιμη."
"Unhold order","Παραγγελία με Ακύρωση Αναμονής"
"Unknown State","Άγνωστος Νομός"
"Unknown Status","Άγνωστη Κατάσταση"
"Unsupported transaction type ""%s"".","Μη υποστηριζόμενος τύπος συναλλαγής ""%s""."
"Update Changes","Ανανέωση Αλλαγών"
"Update Items and Qty\'s","Ενημέρωση Ειδών και Ποσότητας(-τήτων)"
"Update Qty\'s","Ενημέρωση Ποσότητας(-τήτων)"
"Updated At","Ενημερώθηκε Την"
"Updated:","Ενημερώθηκε:"
"Use Aggregated Data (beta)","Χρήση Δεδομένων Συσσωμάτωσης (beta)"
"Use Order Status As Default","Χρήση Κατάστασης Παραγγελίας ως Προεπιλογή"
"Validate Each Address Separately in Multi-address Checkout","Έλεγχος Κάθε Διεύθυνσης Ξεχωριστά στην Ολοκλήρωση Αγορών με Πολλαπλές Διευθύνσεις."
"Value","Αξία- Τιμή"
"View","Προβολή"
"View All","Προβολή Όλων"
"View Another Order","Προβολή Άλλης Παραγγελίας"
"View Order","Προβολή Παραγγελίας"
"Visible on Frontend","Εμφάνιση στο Προσκήνιο - Frontend"
"Void","Ακύρωση"
"Void invoice","Ακύρωση τιμολογίου"
"Voided authorization.","Έγκριση Ακύρωσης."
"Website","Ιστότοπος"
"Weight","Βάρος"
"Whether buyer can define the date when billing for the profile begins.","Είτε ο αγοραστής μπορεί να καθορίσει πότε ξεκινά η χρέωση για το προφίλ."
"Width","Πλάτος"
"Wishlist","Επιθυμητά"
"Wrong billing agreement ID specified.","Προσδιορίστηκε λάθος κωδικός ID συμφωνίας χρέωσης."
"Wrong quote item id to update configuration.","Λάθος κωδικός id προσφοράς είδους για ανανέωση διαμόρφωσης."
"Wrong state: ""%s"".","Λάθος κατάσταση: ""%s""."
"Yes","Ναι"
"You can leave a box blank if you don\'t wish to add a gift message for whole order","Μπορείτε να αφήσετε κενό πλαίσιο αν δεν επιθυμείτε να προσθέσετε ένα μήνυμα δώρου για όλη τη παραγγελία."
"You don\'t have permissions to manage this order because of one or more products are not permitted for your website.","Δεν έχετε δικαιώματα να διαχειριστείτε αυτή τη παραγγελία, επειδή ένα ή περισσότερα προϊόντα δεν επιτρέπονται στον ιστότοπό σας."
"You have placed no orders.","Δεν έχετε κάνει καμία παραγγελία"
"You will be redirected to the payment system website.","Θα ανακατευθυνθείτε στον ιστότοπο συστήματος πληρωμής."
"Your credit card will be charged for","Η πιστωτική σας κάρτα θα χρεωθεί για "
"ZIP Code","Τ.Κ."
"ZIP/Post Code","Τ. Κ."
"Zip/Postal Code","Τ. Κ."
"cm","εκατ"
"in","in"
"kg","κιλ"
"lb","lb"
"the credit memo email is not sent","το email πιστωτικού υπομνήματος δεν εστάλη"
"the credit memo email was sent","το email πιστωτικού υπομνήματος εστάλη"
"the invoice email is not sent","το email τιμολογίου δεν εστάλη"
"the invoice email was sent","το email τιμολογίου εστάλη"
"the order confirmation email is not sent","το email επιβεβαίωσης παραγγελίας δεν εστάλη"
"the order confirmation email was sent","το email επιβεβαίωσης παραγγελίας εστάλη"
"the shipment email is not sent","το email αποστολής δεν εστάλη"
"the shipment email was sent","το email αποστολής εστάλη"